,difficulty,gaslimit,rate,gaspricel1,confirmtime,transaction_count,gasprice
0,2.70068E+15,60000,115.89,1.6,37,155,1.6
1,2.69991E+15,150000,107.11,1.6,12,95,1.54491
2,2.69914E+15,104346,115,1.54491,30,100,2
3,2.70101E+15,52412,118.5,2,15,1,8.05039
4,2.69892E+15,420000,108.84,8.05039,23,110,2
5,2.69947E+15,21040,116.4,2,1,20,1.6
6,2.70002E+15,70000,119.13,1.6,7,62,1.54491
7,2.70189E+15,3000000,116.16,1.54491,5,23,1.3
8,2.7009E+15,250000,99.21,1.3,32,78,1.6
9,2.70145E+15,21000,129.87,1.6,2,49,1.6
10,2.70331E+15,55000,108.11,1.6,1,127,2
11,2.70046E+15,90000,114.94,2,2,25,1
12,2.70024E+15,21000,136.05,1,13,46,1.6
13,2.70397E+15,50000,116.33,1.6,46,32,1
14,2.70375E+15,50000,95.24,1,43,49,2
15,2.69902E+15,21000,119.05,2,1,9,6.63
16,2.69957E+15,50000,95.24,6.63,11,53,1.6
17,2.69616E+15,210000,109.09,1.6,19,55,2
18,2.6954E+15,60000,111.64,2,9,99,2
19,2.68147E+15,65000,102.02,2,77,103,8.05
20,2.68333E+15,350000,116.2,8.05,17,97,4
21,2.68388E+15,52967,94.4,4,71,86,1.6
22,2.68498E+15,53000,116.4,1.6,165,67,1.6
23,2.68553E+15,60000,136.05,1.6,5,29,1.6
24,2.68345E+15,50000,95.24,1.6,10,130,1.6
25,2.68269E+15,21000,119.05,1.6,4,120,1
26,2.68303E+15,121045,125.17,1,3,16,1.6
27,2.68489E+15,50000,95.24,1.6,28,7,5
28,2.68675E+15,352741,120.92,5,30,17,1.54491
29,2.68861E+15,1152867,109.48,1.54491,64,3,1.511
30,2.69103E+15,55000,114.94,1.511,191,1,1.54491
31,2.69026E+15,21000,126.98,1.54491,15,39,1.1
32,2.6848E+15,55921,115.8,1.1,43,51,2
33,2.6801E+15,60000,85.59,2,11,165,2
34,2.67989E+15,60000,131.78,2,7,53,2
35,2.68044E+15,52967,116.41,2,6,1,1.6
36,2.67817E+15,90000,116.36,1.6,64,28,1.6
37,2.6761E+15,116189,114.76,1.6,21,86,3
38,2.67534E+15,21000,95.24,3,15,32,10
39,2.6772E+15,90000,119.05,10,5,5,25.8438
40,2.67775E+15,21000,119.05,25.8438,9,148,1
41,2.67416E+15,67596,119.45,1,9,58,1.6
42,2.67787E+15,113532,82.58,1.6,2,43,1.6
43,2.68028E+15,1000000,114.72,1.6,5,29,1.3
44,2.68083E+15,37169,100.89,1.3,6,97,5
45,2.68455E+15,79857,93.92,5,16,17,1.54491
46,2.68302E+15,79857,93.92,1.54491,39,23,1.7
47,2.68357E+15,21000,136.05,1.7,8,39,1.6
48,2.6826E+15,60000,116.4,1.6,17,19,1.6
49,2.68556E+15,90000,114.94,1.6,6,51,1.6
50,2.68218E+15,107000,108.44,1.6,24,140,1.1
51,2.68404E+15,54838,109.41,1.1,178,3,1.46875
52,2.6859E+15,50000,116.19,1.46875,16,25,1
53,2.68645E+15,70000,119.13,1,7,20,20
54,2.68437E+15,400000,115.43,20,17,103,1.54491
55,2.68492E+15,70000,118.93,1.54491,9,54,2
56,2.68678E+15,52903,116.28,2,47,40,1
57,2.68711E+15,6720000,120.56,1,29,10,4
58,2.68559E+15,1600000,127.87,4,59,10,3
59,2.68745E+15,60000,116.23,3,100,23,1.54491
60,2.68669E+15,60000,132.21,1.54491,4,45,2.31736
61,2.68309E+15,62656,118.96,2.31736,4,66,1.5
62,2.68495E+15,1000000,116.28,1.5,46,2,1.54491
63,2.69536E+15,100000,115.77,1.54491,26,12,1.6
64,2.69306E+15,1000000,112.71,1.6,22,20,1.54491
65,2.69492E+15,50000,116.38,1.54491,27,29,1
66,2.69525E+15,7607448,114.12,1,19,3,2
67,2.69767E+15,90000,116.33,2,2,15,1.6
68,2.69745E+15,21000,136.05,1.6,19,34,2
69,2.69537E+15,90000,115.48,2,48,14,2
70,2.69515E+15,70000,119.13,2,4,40,1.7
71,2.69888E+15,500000,78.7,1.7,12,1,2.4
72,2.70317E+15,21000,95.24,2.4,4,25,2
73,2.7003E+15,90000,127.4,2,23,115,2
74,2.70085E+15,216000,84.82,2,44,91,2
75,2.7014E+15,30400,116.36,2,48,92,1.6
76,2.69536E+15,1000000,117.14,1.6,36,79,3
77,2.69722E+15,314897,129.12,3,64,69,1.6
78,2.68592E+15,21000,136.05,1.6,74,54,7
79,2.68778E+15,21000,116.29,7,85,95,1
80,2.68571E+15,65000,132.82,1,21,79,2
81,2.68626E+15,60000,96.86,2,94,33,2
82,2.68812E+15,37073,116.25,2,50,26,1.7
83,2.68735E+15,100000,104.93,1.7,1,24,1.6
84,2.68583E+15,1600000,127.87,1.6,13,25,1.51
85,2.68769E+15,60000,115.89,1.51,4,49,1.6
86,2.69866E+15,52967,94.4,1.6,23,56,2
87,2.69789E+15,100000,115.8,2,11,6,1.5
88,2.69932E+15,179572,110.25,1.5,790,1,1.4
89,2.70119E+15,90000,120.41,1.4,2,10,3
90,2.70306E+15,60000,115.73,3,2,23,1.5
91,2.70416E+15,50000,115.81,1.5,15,45,1
92,2.70184E+15,50000,116.43,1,49,27,1
93,2.69767E+15,60000,100.06,1,5,71,2
94,2.69953E+15,200000,103.57,2,7,37,1.6
95,2.7014E+15,7200026,115.7,1.6,125,1,2
96,2.70514E+15,100000,115.86,2,4,1,3
97,2.70569E+15,500000,114.46,3,41,2,1.6
98,2.70866E+15,113532,82.58,1.6,10,12,1.5
99,2.70657E+15,50000,95.24,1.5,14,87,2
100,2.70821E+15,70000,118.93,2,10,77,1.5
101,2.70941E+15,50000,115.67,1.5,19,101,1
102,2.70731E+15,21000,111.11,1,12,133,7
103,2.7039E+15,1600000,127.87,7,18,90,1.6
104,2.7029E+15,4300000,94.89,1.6,6,34,1.51
105,2.69817E+15,90000,113.45,1.51,44,75,3
106,2.69872E+15,500000,114.44,3,11,56,1.5
107,2.69927E+15,65000,127.39,1.5,19,2,8.1
108,2.69982E+15,30400,116.31,8.1,2,32,1.6
109,2.70037E+15,233504,92.14,1.6,15,57,1
110,2.70279E+15,150000,114.29,1,6,33,4
111,2.70466E+15,70000,119.13,4,4,40,2.4
112,2.70653E+15,30400,116.31,2.4,16,39,1
113,2.70444E+15,74840,111.51,1,23,103,1.6
114,2.69949E+15,100000,103.69,1.6,71,17,2
115,2.70004E+15,30400,116.33,2,26,21,2
116,2.7019E+15,1373262,115.66,2,96,12,1.5
117,2.70377E+15,50000,116.43,1.5,56,68,1
118,2.70487E+15,60000,106.6,1,1,53,2
119,2.70542E+15,77380,116.12,2,12,4,1.7
120,2.70388E+15,100000,105.08,1.7,12,79,1.6
121,2.7063E+15,1000000,116.53,1.6,4,48,2
122,2.70685E+15,50000,95.24,2,5,53,1.6
123,2.7053E+15,139103,115.86,1.6,9,9,1.51
124,2.70717E+15,50000,95.24,1.51,24,51,2
125,2.7064E+15,50000,95.24,2,10,112,3
126,2.70563E+15,90000,116.26,3,39,38,1.6
127,2.70354E+15,90000,114.94,1.6,24,92,1.6
128,2.70728E+15,500000,111.04,1.6,31,15,1.5
129,2.70915E+15,70000,118.93,1.5,4,29,1.6
130,2.70838E+15,106938,93.51,1.6,20,63,1.6
131,2.70893E+15,70000,118.93,1.6,8,43,1.5
132,2.7108E+15,60000,136.05,1.5,3,29,3
133,2.71135E+15,106938,93.51,3,27,29,1.5
134,2.71112E+15,42000,116.26,1.5,2,6,1.6
135,2.713E+15,106810,93.62,1.6,4,37,1
136,2.70879E+15,106938,93.51,1,56,38,1.5
137,2.70934E+15,21000,111.11,1.5,3,44,1.5
138,2.71122E+15,200000,104.12,1.5,16,3,6.75
139,2.71419E+15,1000000,109.07,6.75,2,17,1.5
140,2.71474E+15,104130,115.24,1.5,9,55,1
141,2.71318E+15,21000,111.11,1,44,165,1.5
142,2.71108E+15,1600000,127.87,1.5,45,65,1.5
143,2.71031E+15,180000,82.33,1.5,63,17,1.5
144,2.71273E+15,104354,105.13,1.5,1,25,1.5
145,2.71328E+15,65000,132.72,1.5,13,64,1.5
146,2.71516E+15,6720000,120.56,1.5,8,2,1.8
147,2.71758E+15,43775,114.22,1.8,3,113,2
148,2.71735E+15,60000,115.89,2,6,39,7
149,2.72166E+15,7000000,114.57,7,10,15,1.5
150,2.72354E+15,65000,131.78,1.5,1,25,1.5
151,2.72409E+15,21000,119.05,1.5,5,51,1.5
152,2.71799E+15,46670,103.81,1.5,38,154,5
153,2.70958E+15,250000,133.14,5,59,32,2
154,2.7088E+15,21000,111.11,2,2,39,3
155,2.70538E+15,21000,111.11,3,5,39,20
156,2.70593E+15,25600,136.63,20,3,154,3
157,2.70252E+15,1600000,127.87,3,177,72,1.6
158,2.69625E+15,21000,111.11,1.6,33,102,2
159,2.69812E+15,50000,116.33,2,391,123,1
160,2.69867E+15,21000,111.11,1,2,48,1.5
161,2.70109E+15,50000,116.29,1.5,24,37,1
162,2.70032E+15,50000,115.53,1,330,60,1.5
163,2.70087E+15,21000,111.11,1.5,27,8,9.1
164,2.70065E+15,21000,119.05,9.1,27,103,1
165,2.70438E+15,1150000,116.25,1,9,69,1.5
166,2.70361E+15,21000,111.11,1.5,5,166,2
167,2.70471E+15,60000,118,2,7,74,1
168,2.70526E+15,21000,114.29,1,10,55,1.5
169,2.70713E+15,250000,89.32,1.5,10,14,2
170,2.70295E+15,1000000,116.37,2,19,39,1.5
171,2.6969E+15,21000,124.22,1.5,37,105,3
172,2.69481E+15,150000,116.02,3,54,78,2
173,2.69536E+15,21000,111.11,2,12,43,3
174,2.69065E+15,1000000,116.32,3,125,10,2
175,2.69043E+15,50000,95.24,2,15,52,2
176,2.69098E+15,126328,115.69,2,159,29,1.5
177,2.6889E+15,60000,115.89,1.5,26,87,1.5
178,2.68551E+15,21000,111.11,1.5,9,40,20
179,2.68137E+15,77706,96.52,20,65,44,2
180,2.68192E+15,50000,115.67,2,214,34,1
181,2.68378E+15,21000,111.11,1,44,10,2
182,2.67701E+15,233272,135.73,2,47,19,1.7
183,2.67886E+15,21000,111.11,1.7,49,22,1.5
184,2.68258E+15,21000,108.62,1.5,1276,1,1
185,2.68182E+15,6720000,120.56,1,2,6,20
186,2.67975E+15,70000,119.13,20,29,74,1.5
187,2.67768E+15,60000,128.64,1.5,10,57,2
188,2.67617E+15,21000,111.11,2,29,57,3
189,2.67802E+15,367603,110.36,3,41,10,1.5
190,2.67988E+15,50000,116.24,1.5,79,28,1
191,2.67836E+15,21000,115.5,1,14,62,1.5
192,2.68022E+15,21000,111.11,1.5,12,11,1.5
193,2.68077E+15,382510,104.58,1.5,21,1,1.5
194,2.68854E+15,21000,95.24,1.5,30,38,2
195,2.68909E+15,336004,115.53,2,45,1,1.5
196,2.68439E+15,100000,114.06,1.5,33,44,2
197,2.68363E+15,400000,116.62,2,20,46,1.5
198,2.67763E+15,21000,114.29,1.5,20,80,3
199,2.67948E+15,21000,116.29,3,25,16,1.5
200,2.67742E+15,45000,119.05,1.5,6,10,29
201,2.67797E+15,50000,95.24,29,18,18,6
202,2.67852E+15,77706,96.52,6,27,13,1.3
203,2.67548E+15,90000,116.38,1.3,22,15,2
204,2.67081E+15,70000,105.8,2,18,29,5
205,2.67136E+15,21000,111.11,5,26,10,3
206,2.67321E+15,21000,111.11,3,28,33,10
207,2.66703E+15,60000,100.18,10,6,39,2
208,2.66888E+15,21000,116.1,2,126,29,2
209,2.67499E+15,250000,109.9,2,17,6,2
210,2.67871E+15,132272,115.56,2,159,2,1.6
211,2.67926E+15,100000,116.29,1.6,43463,11,1.5
212,2.68428E+15,6000000,112.26,1.5,43680,1,1.6
213,2.69075E+15,80000,107.4,1.6,9,8,3
214,2.69448E+15,50000,116.33,3,36,29,1
215,2.69426E+15,90000,114.94,1,29,46,1.7
216,2.69668E+15,1000000,115.24,1.7,7,15,2
217,2.69854E+15,780000,117.42,2,6,14,1.2
218,2.70041E+15,780000,112.52,1.2,3,40,1.51
219,2.70228E+15,60000,115.89,1.51,8,9,2
220,2.70547E+15,179572,96.47,2,9,2,1.6
221,2.70976E+15,21000,95.24,1.6,9,30,2
222,2.70899E+15,132299,114.18,2,29,19,2
223,2.70986E+15,6720000,110.52,2,3,2,20
224,2.71173E+15,210000,108.01,20,6,1,17
225,2.7136E+15,56826,131.76,17,31,35,2
226,2.7147E+15,21000,111.11,2,1,17,20
227,2.70995E+15,56826,131.76,20,50,13,4
228,2.71182E+15,78907,95.05,4,56,19,2
229,2.7137E+15,90000,115.82,2,126,3,2
230,2.71425E+15,250000,121.83,2,110,1,1.5
231,2.70849E+15,6720000,120.56,1.5,21,19,3
232,2.70772E+15,135963,109.87,3,86,60,2
233,2.70959E+15,53000,115.52,2,4,8,1.9375
234,2.71014E+15,50000,116.29,1.9375,106,11,1
235,2.70937E+15,21000,111.11,1,14,44,3
236,2.70992E+15,2000000,131.26,3,50,5,1.5
237,2.70914E+15,23100,119.05,1.5,5,18,4.5
238,2.70969E+15,21000,95.24,4.5,5,45,10
239,2.69966E+15,42000,105.42,10,7,50,3
240,2.69889E+15,21000,132.27,3,12,84,1.5
241,2.6968E+15,210000,113.72,1.5,22,31,2
242,2.69713E+15,21000,119.05,2,17,46,2
243,2.70065E+15,21000,126.98,2,4,23,5
244,2.70493E+15,21000,116.76,5,1,52,1
245,2.70526E+15,121962,84.44,1,34,5,1.5
246,2.70581E+15,210000,109.37,1.5,7,83,1.5
247,2.70636E+15,600000,112.64,1.5,17,16,1.5
248,2.70559E+15,40683,113.56,1.5,24,44,20
249,2.70482E+15,90642,114.15,20,12,74,2
250,2.69744E+15,78428,127.51,2,46,112,2
251,2.69931E+15,21000,95.24,2,43,43,1.5
252,2.69854E+15,55000,125,1.5,5,44,1.5
253,2.69909E+15,21000,111.11,1.5,20,7,1.8
254,2.69997E+15,250000,114.7,1.8,11,8,1.5
255,2.69789E+15,21000,111.11,1.5,9,131,1.5
256,2.70162E+15,22000,116.4,1.5,3,1,45
257,2.70085E+15,21000,119.05,45,22,79,2
258,2.69744E+15,100000,116.06,2,38,50,1
259,2.69799E+15,50000,95.24,1,37,24,2
260,2.69646E+15,250000,115.87,2,5,26,1.5
261,2.69701E+15,21000,111.11,1.5,6,58,1.3
262,2.69789E+15,52762,94.77,1.3,10,46,2
263,2.6958E+15,25200,95.24,2,5,81,2
264,2.69109E+15,21000,111.11,2,38,97,2
265,2.68638E+15,21000,111.11,2,48,53,3
266,2.68824E+15,436738,117.11,3,116,27,1.5
267,2.68595E+15,21000,126.98,1.5,4,30,2
268,2.68125E+15,95101,115.21,2,10,35,1.6
269,2.68442E+15,21000,119.05,1.6,3,63,2
270,2.68497E+15,429886,119.92,2,133,2,1.5
271,2.68476E+15,21000,119.05,1.5,8,47,1
272,2.68269E+15,55000,87.27,1,12,60,2
273,2.68248E+15,200000,118.5,2,1,51,1.46875
274,2.68358E+15,250000,102.18,1.46875,6,17,1.497
275,2.68413E+15,70000,119.13,1.497,6,68,1.5
276,2.68468E+15,55375,89.43,1.5,7,26,1.49401
277,2.68611E+15,229291,126.81,1.49401,46,14,1.2
278,2.68797E+15,21000,111.11,1.2,4,1,30
279,2.69039E+15,90000,114.94,30,2,3,2
280,2.69225E+15,3000000,113.08,2,18,2,1.5
281,2.69729E+15,21000,111.11,1.5,3,130,2
282,2.69389E+15,90000,116.33,2,35,25,1.5
283,2.69444E+15,70000,118.93,1.5,9,25,4
284,2.69631E+15,77706,96.52,4,12,7,1.8
285,2.69817E+15,25200,116.24,1.8,46726,38,1
286,2.69872E+15,50000,116.33,1,9,13,1
287,2.70059E+15,60000,115.89,1,4,40,1.47618
288,2.70301E+15,50000,116.38,1.47618,24,10,1
289,2.70388E+15,81662,122.46,1,8,47,1.4747
290,2.70234E+15,250000,81.44,1.4747,16,2,1.5
291,2.70421E+15,21000,111.11,1.5,18,4,30
292,2.70828E+15,33986,100.58,30,3,3,3
293,2.69803E+15,42000,115.91,3,29,17,2
294,2.70045E+15,114462,132.35,2,137,9,2
295,2.70232E+15,6000000,115.47,2,139,5,1.4
296,2.70419E+15,100000,115.55,1.4,47274,3,1.1
297,2.70055E+15,21000,111.11,1.1,28,73,9
298,2.69901E+15,21000,95.24,9,27,54,8
299,2.70143E+15,76869,130.09,8,13,17,2
300,2.69934E+15,1000000,116.11,2,75,19,2
301,2.69989E+15,1000000,95.05,2,72,1,2
302,2.70099E+15,85000,83.9,2,151,17,1.5
303,2.70154E+15,250000,105.89,1.5,7,53,1.7
304,2.70396E+15,2301459,117.42,1.7,399,1,1.5
305,2.70319E+15,125815,116.24,1.5,421,4,1.4
306,2.69582E+15,21000,119.05,1.4,24,14,20
307,2.69374E+15,21000,109.89,20,29,51,7
308,2.6956E+15,1600000,127.87,7,53,57,2
309,2.69747E+15,55738,106.36,2,4,45,2
310,2.69934E+15,81726,122.36,2,64,14,1.5
311,2.69989E+15,50000,95.24,1.5,50,17,2
312,2.70175E+15,735688,116.19,2,3,22,1.5
313,2.69966E+15,37727,125.72,1.5,32,96,5
314,2.6989E+15,21000,95.24,5,1,54,2
315,2.70076E+15,60000,115.64,2,45,30,1
316,2.70109E+15,190488,116.79,1,34,38,4
317,2.699E+15,3000000,102.66,4,70,9,2
318,2.70142E+15,105058,114.22,2,8,13,3
319,2.70329E+15,1000000,118.48,3,14,5,2
320,2.7089E+15,7600027,128.85,2,30,12,1.4
321,2.71077E+15,30400,116.38,1.4,2,2,2
322,2.7058E+15,21000,119.05,2,195,30,4
323,2.70767E+15,182000,137.14,4,29,9,3
324,2.70954E+15,235507,106.88,3,33,13,1.54491
325,2.71152E+15,150000,114.29,1.54491,15,34,2
326,2.71801E+15,21000,136.05,2,1,18,2
327,2.70927E+15,21000,111.11,2,66,124,20
328,2.71115E+15,60000,110.23,20,14,107,2
329,2.70905E+15,21040,116.13,2,12,115,1.4403
330,2.70828E+15,88132,121.57,1.4403,19,76,1.4403
331,2.7075E+15,70000,119.13,1.4403,22,53,1.5
332,2.70937E+15,250000,96.06,1.5,1,21,2
333,2.71555E+15,90000,114.65,2,1,40,1
334,2.71609E+15,21000,111.11,1,12,4,30
335,2.71532E+15,50000,95.24,30,31,3,10
336,2.71587E+15,940000,115.69,10,62,3,2
337,2.71884E+15,100000,116.41,2,48264,4,1.1
338,2.71674E+15,150000,112.34,1.1,1,20,2
339,2.72104E+15,50000,95.24,2,2,86,1
340,2.72159E+15,200000,119.05,1,4,39,2
341,2.72136E+15,159988,138.13,2,20,9,1.5
342,2.72379E+15,115168,117.48,1.5,1,17,2
343,2.72168E+15,70000,118.93,2,30,19,3
344,2.72332E+15,70000,119.05,3,23,29,5
345,2.7252E+15,218037,132.86,5,27,6,1.5
346,2.72708E+15,150000,115.87,1.5,1,14,2
347,2.72897E+15,21000,95.24,2,2,27,3
348,2.72983E+15,233641,130.02,3,87,4,1.5
349,2.72505E+15,40000,115.89,1.5,38,30,1.46875
350,2.72294E+15,21000,115.44,1.46875,68,2,6
351,2.72482E+15,1000000,116.23,6,68,12,1.5
352,2.7238E+15,100000,112.39,1.5,5502,3,1.1
353,2.72435E+15,100000,116.41,1.1,5574,3,1.1
354,2.72146E+15,6720000,120.56,1.1,33,2,7
355,2.72334E+15,21000,111.11,7,27,7,30
356,2.72522E+15,350000,116.09,30,32,5,1.46875
357,2.72178E+15,21000,119.05,1.46875,12,41,1.5
358,2.71834E+15,25600,95.4,1.5,23,73,5
359,2.71601E+15,250000,115.43,5,15,13,3.8125
360,2.7139E+15,162564,138.41,3.8125,87,22,1.5
361,2.71313E+15,42000,119.05,1.5,10,61,4
362,2.715E+15,4000000,116.29,4,5,23,1.5
363,2.71688E+15,105000,115.52,1.5,1,45,6
364,2.71642E+15,21000,115.83,6,66,2,2
365,2.72315E+15,50000,115.62,2,24,22,1
366,2.71971E+15,60000,105.01,1,25,71,1.51
367,2.72026E+15,6720000,120.56,1.51,39,1,20
368,2.71948E+15,50000,95.24,20,11,57,3
369,2.72136E+15,176260,127.65,3,59,4,2
370,2.72191E+15,81506,81.79,2,213,13,1.5
371,2.72379E+15,70000,118.93,1.5,3,54,1.5
372,2.72943E+15,6251233,115.47,1.5,663,1,1.7
373,2.73131E+15,2223881,117.81,1.7,91,1,1.5
374,2.72763E+15,1000000,119.32,1.5,9,9,1.6
375,2.73281E+15,250000,113.6,1.6,4,41,1.4
376,2.73336E+15,50000,95.24,1.4,20,8,10
377,2.73343E+15,70000,107.87,10,1,15,3.5
378,2.73131E+15,250000,145.89,3.5,37,3,2
379,2.73351E+15,50000,116.33,2,80,20,1
380,2.72927E+15,21000,112.04,1,18,28,5
381,2.73115E+15,21000,111.11,5,24,33,2
382,2.73225E+15,100000,103.51,2,43,1,2
383,2.73147E+15,70000,118.93,2,10,53,1.5
384,2.73445E+15,100000,110.96,1.5,6547,1,1.1
385,2.73233E+15,100000,116.32,1.1,6575,4,1.1
386,2.73154E+15,21000,111.11,1.1,14,49,1.6
387,2.75341E+15,21000,111.11,1.6,3,11,3.1
388,2.75586E+15,6000000,116.09,3.1,6512,2,1.4
389,2.75616E+15,90000,115.83,1.4,2,49,1.43
390,2.75677E+15,50000,95.24,1.43,4,81,1.4
391,2.75841E+15,21000,95.24,1.4,2,11,1.2
392,2.75896E+15,21000,95.24,1.2,7,49,2
393,2.75951E+15,50000,115.67,2,217,22,1
394,2.76331E+15,60000,132.83,1,3,16,1.4
395,2.76386E+15,40000,95.24,1.4,18,5,1.1
396,2.76306E+15,200000,119.05,1.1,15,40,4
397,2.76281E+15,58500,119.55,4,1,43,2
398,2.75796E+15,166666,114.29,2,26,38,5
399,2.75986E+15,21000,111.11,5,34,15,5
400,2.76041E+15,1000000,112.41,5,25,20,2
401,2.76151E+15,60000,115.65,2,100,25,1
402,2.7634E+15,21000,110.98,1,204,1,1.54
403,2.7626E+15,100000,116.28,1.54,7107,4,1.1
404,2.76315E+15,500000,118.97,1.1,306,1,1.4
405,2.76695E+15,6000000,113.7,1.4,6334,1,1.5
406,2.76805E+15,500000,118.97,1.5,1118,8,1.4
407,2.76995E+15,100000,115.54,1.4,7041,2,1.1
408,2.77105E+15,100000,116.32,1.1,7131,5,1.1
409,2.77215E+15,500000,118.97,1.1,1143,5,1.1
410,2.76703E+15,200000,114.5,1.1,24,30,5
411,2.76758E+15,74539,100.62,5,44,17,2
412,2.76678E+15,70000,119.33,2,15,20,20
413,2.76868E+15,21000,126.98,20,17,20,4
414,2.75571E+15,60000,115.01,4,52,52,3
415,2.75761E+15,70000,118.93,3,6,53,10
416,2.75412E+15,55000,108.19,10,3,1,41
417,2.75601E+15,21000,108.23,41,9,41,3
418,2.75522E+15,92599,107.99,3,8,56,2
419,2.75711E+15,21000,111.11,2,12,5,30
420,2.75632E+15,21000,116.12,30,96,17,2
421,2.75687E+15,1000000,104.33,2,181,3,2
422,2.75607E+15,80000,115.55,2,204,17,1
423,2.75582E+15,1610776,117.71,1,338,1,1.7
424,2.75772E+15,441305,111.81,1.7,227,2,1.5
425,2.75962E+15,235603,94.96,1.5,234,2,1.5
426,2.76017E+15,70000,119.13,1.5,4,52,1.47
427,2.75992E+15,21000,111.11,1.47,19,43,3
428,2.76181E+15,500000,122.07,3,10,4,1.5
429,2.76426E+15,100000,116.22,1.5,7609,1,1.1
430,2.76536E+15,21000,119.05,1.1,21,12,1.6
431,2.76726E+15,21000,111.11,1.6,29,23,1.1
432,2.76511E+15,250000,120.93,1.1,14,42,2.8
433,2.76026E+15,45000,90.7,2.8,111,9,5.25
434,2.76215E+15,45000,90.7,5.25,70,54,5
435,2.76001E+15,45000,90.7,5,38,23,5.25
436,2.7619E+15,250000,115.55,5.25,52,1,4
437,2.76165E+15,21000,116.21,4,161,2,2
438,2.76355E+15,90000,116.07,2,163,3,2
439,2.76545E+15,1392811,113.53,2,166,2,1.6
440,2.766E+15,109099,116.02,1.6,175,1,1.5
441,2.76385E+15,45000,90.7,1.5,29,30,3
442,2.76575E+15,45000,90.7,3,36,28,1.1
443,2.76225E+15,55000,106.33,1.1,12,33,3
444,2.7628E+15,50000,95.24,3,3,55,5
445,2.76335E+15,100000,103.64,5,17,10,1.5
446,2.7612E+15,50000,95.24,1.5,23,37,3
447,2.76634E+15,1600000,127.87,3,28,11,1.5
448,2.76554E+15,300000,95.24,1.5,10,48,1.4
449,2.76744E+15,1000000,112.4,1.4,19,4,1
450,2.76799E+15,1600000,113.38,1,11,51,1.89
451,2.76854E+15,90000,106.13,1.89,5,37,1.5
452,2.76748E+15,90000,106.13,1.5,1,33,5
453,2.76803E+15,50000,116.05,5,12,50,1
454,2.77348E+15,1000000,111.84,1,5,15,1.4014
455,2.76997E+15,90000,117.13,1.4014,23,39,5
456,2.77187E+15,50000,115.86,5,29,13,1.04663
457,2.76836E+15,21000,111.11,1.04663,17,121,2
458,2.77026E+15,1000000,117.03,2,11,30,1.4
459,2.77081E+15,70000,118.93,1.4,5,67,2
460,2.76866E+15,21000,113.38,2,8,57,1.4
461,2.77056E+15,21000,112.5,1.4,34,19,38.0952
462,2.76705E+15,1000000,122.42,38.0952,9,44,5.4
463,2.7676E+15,1600000,127.87,5.4,25,39,1.4
464,2.7695E+15,1000000,116.32,1.4,58,51,1.4
465,2.76925E+15,1000000,108.82,1.4,8,30,30
466,2.7698E+15,1000000,116.29,30,5,16,30
467,2.77225E+15,126061,116.95,30,28,1,30
468,2.77009E+15,50000,116.33,30,1,15,1
469,2.77199E+15,1000000,115.67,1,59,19,30
470,2.76984E+15,21000,116.14,30,22,8,33.3333
471,2.76958E+15,1000000,115.76,33.3333,133,11,30
472,2.77013E+15,21000,111.11,30,69,22,30
473,2.77204E+15,1000000,115.53,30,149,5,30
474,2.76852E+15,90000,115.81,30,109,5,29
475,2.77043E+15,1000000,115.67,29,194,8,30
476,2.77153E+15,1000000,115.67,30,223,37,1
477,2.77343E+15,21000,111.11,1,3,7,30
478,2.77533E+15,50000,95.24,30,1,23,10
479,2.77724E+15,21000,111.11,10,1,20,15.0625
480,2.77643E+15,21000,119.05,15.0625,273,17,10
481,2.77427E+15,21000,129.87,10,246,12,10
482,2.77808E+15,300000,95.24,10,69,9,8
483,2.77999E+15,600000,118.1,8,301,14,5
484,2.77973E+15,1000000,112.2,5,357,6,5
485,2.77892E+15,21000,119.05,5,16,33,3
486,2.77676E+15,50000,95.24,3,41,12,3
487,2.77866E+15,1000000,115.67,3,395,1,5
488,2.77785E+15,21000,119.05,5,1,93,4
489,2.77705E+15,21000,108.84,4,23,1,35
490,2.77488E+15,400000,111.87,35,74,2,14
491,2.77247E+15,1000000,115.6,14,25,55,4.0002
492,2.77437E+15,250000,109.63,4.0002,34,57,3
493,2.77412E+15,1600000,127.87,3,504,16,2.4
494,2.77306E+15,50000,115.52,2.4,150,35,1
495,2.76954E+15,21000,111.11,1,47,2,20
496,2.76333E+15,80000,103.64,20,54,87,5.1
497,2.76253E+15,21000,111.11,5.1,68,66,5
498,2.76443E+15,168000,95.24,5,18,28,4.48
499,2.76363E+15,1000000,84.7,4.48,21,61,2.1
500,2.76473E+15,21000,109.89,2.1,3,35,2
501,2.76583E+15,70000,98.71,2,26,68,2
502,2.76773E+15,350317,118.94,2,30,37,1
503,2.76692E+15,21000,111.11,1,36,5,2
504,2.76612E+15,3000000,100.61,2,894,2,2
505,2.76802E+15,77706,128.69,2,88,6,2
506,2.76993E+15,21000,115.68,2,550,6,1.5
507,2.76967E+15,21000,116.32,1.5,134,3,1.5
508,2.75916E+15,21000,95.24,1.5,33,62,10
509,2.75837E+15,60000,79.37,10,71,13,5.3
510,2.75139E+15,21000,89.85,5.3,47,17,5
511,2.75438E+15,52332,95.54,5,24,12,2
512,2.75627E+15,1000000,116.23,2,27,14,1
513,2.75682E+15,133000,102.47,1,1149,4,1.4
514,2.75523E+15,336565,122.9,1.4,1350,2,1.4
515,2.74642E+15,70000,118.93,1.4,12,40,2.1
516,2.74563E+15,21000,111.11,2.1,33,3,30
517,2.74752E+15,4000000,110.15,30,37,1,7
518,2.74941E+15,75468,115.88,7,1115,1,1.4
519,2.74459E+15,112476,107.78,1.4,38,30,3
520,2.74514E+15,21000,111.11,3,52,11,2.4
521,2.74301E+15,70000,119.13,2.4,36,24,3
522,2.74222E+15,55000,114.03,3,5,42,2.24
523,2.73741E+15,21000,126.98,2.24,21,33,3
524,2.73662E+15,21000,111.11,3,83,30,20
525,2.73851E+15,21000,105.82,20,2,30,2.464
526,2.74173E+15,1000000,116.6,2.464,87,29,1
527,2.74228E+15,168000,115.71,1,4,40,2
528,2.74338E+15,211396,114.02,2,1,8,2.24
529,2.74527E+15,250000,116.12,2.24,32,14,1.32009
530,2.75449E+15,21000,111.11,1.32009,9,44,2
531,2.75504E+15,6720000,110.66,2,8,1,20
532,2.75424E+15,100000,116.11,20,28,1,1.5
533,2.7543E+15,52733,116.35,1.5,8,54,1.4
534,2.7554E+15,55000,108.11,1.4,10,15,2
535,2.75785E+15,119977,125.02,2,805,1,5
536,2.75705E+15,50000,115.67,5,18,37,1
537,2.75356E+15,25200,119.05,1,11,29,2.4
538,2.75142E+15,21000,111.11,2.4,38,19,2
539,2.74794E+15,250000,107.99,2,10,30,2
540,2.74312E+15,21000,109.89,2,23,106,10
541,2.74233E+15,106000,108.44,10,45,38,2
542,2.74422E+15,37136,116.24,2,79,78,1.6
543,2.74934E+15,1455044,111.83,1.6,57,4,1.5
544,2.74989E+15,82740,108.55,1.5,10,54,1.4
545,2.7491E+15,120000,119.9,1.4,14,72,1.5
546,2.74965E+15,236820,94.42,1.5,14,26,1.5
547,2.7502E+15,21000,111.11,1.5,8,53,1.5
548,2.74672E+15,58300,114.29,1.5,30,60,2.1
549,2.74727E+15,51466,116.38,2.1,29,73,1.5
550,2.74648E+15,293691,102.15,1.5,56,12,1.5
551,2.74703E+15,539724,101.76,1.5,46,2,1.5
552,2.74788E+15,37136,115.83,1.5,10,58,2
553,2.73904E+15,80000,104.65,2,54,82,1.5
554,2.7329E+15,21000,111.11,1.5,70,125,4.8
555,2.73212E+15,21000,111.11,4.8,23,35,3
556,2.734E+15,42000,115.66,3,78,63,1
557,2.72788E+15,21000,119.05,1,4,66,3.8125
558,2.72576E+15,37136,116.26,3.8125,13,32,1.5
559,2.72764E+15,400000,119.53,1.5,4,34,3
560,2.72686E+15,1000000,102.41,3,146,29,1.5
561,2.72342E+15,21000,102.04,1.5,11,87,2.5
562,2.7253E+15,36913,116.35,2.5,31,9,1.5
563,2.72585E+15,70000,119.13,1.5,7,46,2
564,2.72506E+15,430000,116.29,2,136,14,1.5
565,2.72428E+15,53000,116.38,1.5,86,5,1.5
566,2.71873E+15,420000,122.45,1.5,2,15,3
567,2.72061E+15,90000,115.65,3,34,39,2
568,2.72116E+15,60000,115.54,2,194,8,1.5
569,2.72492E+15,150000,115.87,1.5,8,19,2
570,2.72547E+15,5500000,119.13,2,21,3,2.75
571,2.7279E+15,120000,107.43,2.75,12,26,1.5
572,2.72445E+15,42000,119.05,1.5,22,45,3
573,2.72477E+15,74748,113.72,3,2,64,2
574,2.71523E+15,4000000,104.22,2,97,1,16
575,2.7182E+15,456305,123.06,16,181,4,1.5
576,2.71852E+15,241389,131.02,1.5,20,27,1.5
577,2.7204E+15,90000,114.94,1.5,24,8,1.5
578,2.72127E+15,21000,111.11,1.5,8,56,3
579,2.72182E+15,430000,115.9,3,626,42,1.5
580,2.72237E+15,129082,117.95,1.5,2,33,3
581,2.72425E+15,5500000,104.24,3,2,9,2
582,2.72668E+15,777529,120.04,2,22,11,1.5
583,2.72911E+15,430000,116.34,1.5,655,29,1.5
584,2.73154E+15,50000,116.29,1.5,186,19,1
585,2.73531E+15,6000000,115.42,1,2727,1,1.5
586,2.73295E+15,95822,116.36,1.5,29,67,2
587,2.72683E+15,21000,102.04,2,45,48,5.3
588,2.72471E+15,4000000,111.17,5.3,125,52,3
589,2.72714E+15,93382,105.81,3,27,35,2
590,2.72902E+15,50000,115.86,2,17,61,1
591,2.72801E+15,1000000,117.94,1,13,34,2
592,2.72989E+15,21000,111.11,2,14,62,1.4
593,2.73099E+15,60000,116.96,1.4,5,32,3
594,2.73287E+15,155094,105.16,3,13,9,1.5
595,2.73027E+15,21000,111.11,1.5,5,13,29
596,2.73082E+15,60000,86.46,29,66,85,2.1
597,2.73003E+15,21000,111.11,2.1,5,49,2
598,2.73058E+15,1000000,104.33,2,85,28,1.65
599,2.72902E+15,21000,119.05,1.65,20,31,2
600,2.73012E+15,50000,95.24,2,10,9,1.8
601,2.72455E+15,124735,120.25,1.8,38,24,1.5
602,2.72643E+15,5500000,127.35,1.5,136,1,3.5
603,2.72964E+15,50000,116.33,3.5,59,25,1
604,2.72886E+15,21000,115.76,1,2880,1,1
605,2.73639E+15,305830,118.18,1,1,6,2.4
606,2.73616E+15,68149,111.34,2.4,8,4,2.4
607,2.73671E+15,80000,148.05,2.4,36,3,1.05
608,2.73859E+15,21000,105.82,1.05,2,28,1.5
609,2.74048E+15,471305,111.81,1.5,4,19,1.6
610,2.73622E+15,40000,108.23,1.6,9,56,2
611,2.73999E+15,53000,115.74,2,24,23,2
612,2.74054E+15,60000,108.8,2,75,1,1.65
613,2.73606E+15,100000,109.36,1.65,2,37,2
614,2.73794E+15,90000,116.29,2,128,32,1
615,2.73849E+15,93478,105.67,1,7,28,1.5
616,2.73904E+15,90000,119.61,1.5,1,24,1.5
617,2.73479E+15,21000,115.64,1.5,50,80,1
618,2.72787E+15,235000,112.17,1,58,104,2.24
619,2.72709E+15,70000,119.13,2.24,21,132,2
620,2.72631E+15,60000,115.48,2,86,52,1.6
621,2.72686E+15,52472,121.28,1.6,2,25,11
622,2.71942E+15,21000,111.11,11,50,91,20
623,2.71599E+15,50000,95.24,20,29,91,6
624,2.71786E+15,21000,95.24,6,22,41,2
625,2.72294E+15,279319,101.73,2,165,44,1.585
626,2.72216E+15,21000,129.87,1.585,19,86,2
627,2.72404E+15,21000,111.11,2,11,6,30
628,2.72592E+15,90000,115.82,30,134,11,1.5
629,2.73024E+15,70000,120.8,1.5,2,29,1.5
630,2.73212E+15,21000,111.11,1.5,7,20,1.5
631,2.73055E+15,21000,95.24,1.5,16,108,1.5
632,2.73431E+15,2000000,115.35,1.5,2,47,1
633,2.73353E+15,21000,115.69,1,3,107,2
634,2.73408E+15,21000,116.37,2,8,92,1.6
635,2.73329E+15,21000,95.24,1.6,4,42,1.5
636,2.73384E+15,50000,95.24,1.5,10,92,2
637,2.73573E+15,100000,92.14,2,2,19,1.5
638,2.73628E+15,21000,111.11,1.5,4,41,1
639,2.73816E+15,21000,111.11,1,4,11,1.5
640,2.7259E+15,200000,115.79,1.5,4,110,2
641,2.72645E+15,105156,114.12,2,68,120,2
642,2.72489E+15,70000,119.13,2,19,98,1.5
643,2.72677E+15,100000,103.82,1.5,73,14,1.3
644,2.73053E+15,600000,115.21,1.3,131,23,1.044
645,2.73108E+15,45537,114.57,1.044,14,43,1
646,2.73296E+15,1000000,118.67,1,29,4,1.5
647,2.72739E+15,100000,92.14,1.5,11,20,2
648,2.72983E+15,218037,132.86,2,67,14,1.5
649,2.73226E+15,21000,95.24,1.5,1,34,1.3
650,2.73281E+15,60000,115.89,1.3,9,14,3
651,2.73469E+15,121866,84.51,3,13,3,1.5
652,2.73257E+15,21000,111.11,1.5,4,121,10
653,2.73045E+15,21000,136.05,10,13,60,2
654,2.731E+15,60000,114.29,2,10,84,2
655,2.7321E+15,100000,115.87,2,6,61,1.5
656,2.72865E+15,100000,92.14,1.5,34,89,2
657,2.73241E+15,185612,121.57,2,81,38,1.01174
658,2.73085E+15,1600000,127.87,1.01174,6,70,1.3
659,2.72928E+15,200000,120.23,1.3,22,47,1
660,2.73116E+15,200000,113.82,1,3,46,1.4
661,2.73304E+15,50000,116.24,1.4,8,12,1
662,2.74113E+15,21000,119.05,1,9,110,2
663,2.74034E+15,722079,117.06,2,5,18,4
664,2.74089E+15,90000,116.09,4,35,18,1.4014
665,2.74144E+15,21000,136.05,1.4014,1,38,3
666,2.74333E+15,94552,116.25,3,2,19,1.4
667,2.74151E+15,21000,116.14,1.4,2,120,2
668,2.74206E+15,237825,106.48,2,34,5,1.4
669,2.74261E+15,21000,111.11,1.4,22,14,10
670,2.74237E+15,401556,106.6,10,70,2,1.4
671,2.74079E+15,21000,95.24,1.4,14,107,2
672,2.74E+15,21000,115.69,2,13,45,1.1
673,2.73229E+15,100000,92.41,1.1,3,109,3
674,2.72483E+15,210000,123.65,3,25,107,1
675,2.72515E+15,36000,120.13,1,3,66,2
676,2.7257E+15,21000,105.82,2,3,53,2
677,2.72492E+15,72471,137.99,2,174,37,2
678,2.7268E+15,36913,115.66,2,41,37,2
679,2.72602E+15,21000,119.05,2,15,26,1.5
680,2.729E+15,100000,94.55,1.5,11,33,1.1
681,2.72955E+15,21000,129.87,1.1,5,52,1.4
682,2.73143E+15,21000,116.24,1.4,1169,3,1
683,2.73119E+15,4000000,115.66,1,18,83,1.4
684,2.73363E+15,250000,108.87,1.4,10,44,1.8
685,2.73339E+15,100000,115.9,1.8,5,18,1.8
686,2.73528E+15,50000,129.87,1.8,2,36,1
687,2.73583E+15,89354,120.87,1,7,27,2
688,2.73559E+15,50000,116.24,2,48,34,1
689,2.73614E+15,50000,95.24,1,21,16,10
690,2.73857E+15,21000,115.43,10,171,2,1
691,2.73912E+15,100000,116.22,1,7,35,1.4
692,2.73967E+15,110000,115.67,1.4,1,88,2
693,2.74022E+15,21000,95.24,2,1,46,2
694,2.74077E+15,105000,114.9,2,3,8,10
695,2.74132E+15,90769,116.32,10,41,14,1.4
696,2.74431E+15,500000,130.76,1.4,46,1,1.4
697,2.7473E+15,4000000,114.29,1.4,7,12,1.4
698,2.74919E+15,100000,115.49,1.4,36,1,1.3
699,2.74974E+15,150000,115.79,1.3,8,15,10
700,2.74467E+15,74340,112.76,10,49,99,2
701,2.74388E+15,21000,111.11,2,61,61,2
702,2.74041E+15,60000,105.08,2,149,6,1.93
703,2.7423E+15,86374,115.78,1.93,3,44,2
704,2.74151E+15,21000,111.11,2,70,40,2
705,2.74206E+15,350317,128.85,2,6,7,2
706,2.74584E+15,50000,116.38,2,37,47,1
707,2.74694E+15,21000,111.11,1,2,9,3
708,2.74615E+15,336373,114.79,3,22,1,2
709,2.74804E+15,1279021,113.12,2,151,7,1.4
710,2.75481E+15,60000,113.81,1.4,20,60,2
711,2.75536E+15,21000,111.11,2,27,13,1.003
712,2.75457E+15,335000,87.91,1.003,17,85,1.3
713,2.75646E+15,21000,111.11,1.3,6,12,1.5
714,2.75891E+15,6500000,116.33,1.5,6698,1,1.45
715,2.76055E+15,250000,109.9,1.45,16,7,2
716,2.7603E+15,218037,142.35,2,25,26,1.4
717,2.75926E+15,21000,119.05,1.4,7,45,1.4
718,2.75981E+15,21000,111.11,1.4,1,6,20
719,2.7617E+15,468936,121.68,20,43,31,1.3
720,2.7628E+15,60000,115.98,1.3,3,11,2
721,2.7647E+15,21000,111.11,2,8,18,1
722,2.7639E+15,21000,126.98,1,13,26,2
723,2.75825E+15,210000,114.79,2,38,84,2
724,2.75341E+15,21000,105.82,2,45,91,2
725,2.75262E+15,21000,111.11,2,113,54,2
726,2.75451E+15,21000,111.11,2,98,44,14
727,2.75641E+15,930128,118.26,14,116,16,2
728,2.75482E+15,50000,115.81,2,216,35,1
729,2.75323E+15,150000,95.24,1,18,39,1.3
730,2.75377E+15,237108,106.08,1.3,11,52,1.5
731,2.75353E+15,6720000,120.56,1.5,1,82,1.3
732,2.74925E+15,70000,106.16,1.3,13,36,1.3
733,2.75304E+15,100000,100.43,1.3,1,18,2
734,2.75444E+15,100000,116.1,2,52,26,1
735,2.74961E+15,21000,119.05,1,32,36,2
736,2.75314E+15,90000,112.35,2,1,22,1.1
737,2.75559E+15,50000,95.24,1.1,2,36,1.3
738,2.76372E+15,4000000,114.29,1.3,15,41,1.3
739,2.76022E+15,35000,112.27,1.3,37,120,1.3
740,2.76132E+15,100000,103.64,1.3,22,21,1.3
741,2.76377E+15,250000,148.67,1.3,18,98,2
742,2.76027E+15,50000,116.38,2,52,128,1
743,2.76217E+15,50000,116.24,1,1251,29,1
744,2.76272E+15,100000,91.87,1,46,66,3
745,2.76192E+15,218037,153.3,3,95,48,1.3
746,2.76381E+15,21000,119.05,1.3,2,33,2
747,2.76491E+15,53538,115.5,2,36,26,1.3
748,2.76681E+15,55000,108.11,1.3,6,49,2
749,2.76601E+15,50000,116.38,2,78,56,1
750,2.76711E+15,679500,129.54,1,1,38,1.3
751,2.76766E+15,4180000,111.56,1.3,15,8,2
752,2.77282E+15,250000,126.22,2,3,38,1
753,2.77472E+15,233833,99.93,1,31,2,1.3
754,2.77366E+15,77367,115.89,1.3,6,10,1.4
755,2.77556E+15,90000,114.94,1.4,4,7,1.3
756,2.77747E+15,90000,116.23,1.3,27,2,1.3
757,2.78701E+15,250000,116.33,1.3,38,20,1.3
758,2.77939E+15,1133359,115.85,1.3,17,80,3
759,2.7813E+15,115978,80.23,3,4,64,1.93
760,2.77913E+15,90000,116.08,1.93,89,49,1.3
761,2.78104E+15,70000,119.13,1.3,14,52,1.35247
762,2.78159E+15,150000,115.87,1.35247,3,15,20
763,2.7835E+15,50000,115.89,20,30,23,2.4
764,2.78541E+15,60000,85.73,2.4,9,5,2.37
765,2.79032E+15,50000,115.86,2.37,19,16,1
766,2.79224E+15,70000,119.13,1,4,39,2
767,2.7887E+15,50000,116.33,2,23,41,1
768,2.78788E+15,50000,95.24,1,49,55,2
769,2.78843E+15,100000,95.24,2,4,50,2
770,2.78762E+15,400000,112.72,2,6,26,3
771,2.78953E+15,81506,122.69,3,10,4,2
772,2.79336E+15,65000,124.52,2,2,90,3
773,2.78027E+15,1500000,116.33,3,70,53,3
774,2.77865E+15,21000,79.37,3,26,55,2
775,2.77704E+15,60000,105.08,2,145,45,1.6
776,2.76674E+15,420000,117.99,1.6,83,99,6
777,2.76729E+15,21000,116.14,6,53,137,1
778,2.76784E+15,22000,119.05,1,1,61,1
779,2.76569E+15,119000,115.67,1,21,92,2
780,2.76624E+15,21000,95.24,2,1,47,1.4
781,2.76273E+15,21000,119.05,1.4,7,147,2
782,2.76463E+15,78201,95.91,2,43,50,1.3
783,2.76168E+15,72471,137.99,1.3,21,92,2
784,2.76088E+15,60000,112.39,2,8,64,1.3
785,2.76278E+15,77206,116.27,1.3,662,20,1.3
786,2.76468E+15,198006,138.69,1.3,5,22,1.3
787,2.76523E+15,25034,116.22,1.3,8,35,1.3
788,2.76443E+15,21000,115.69,1.3,18,39,1.3
789,2.76633E+15,21000,111.11,1.3,23,5,1.3
790,2.76933E+15,21000,109.89,1.3,1,27,1.3
791,2.76717E+15,197352,115.52,1.3,21,73,1.3
792,2.76907E+15,70000,105.45,1.3,8,4,1.3
793,2.76422E+15,21000,95.24,1.3,30,154,2
794,2.76342E+15,60000,106.78,2,9,23,4
795,2.76532E+15,42000,116.74,4,12,43,2
796,2.75967E+15,50000,116.24,2,83,46,1
797,2.76021E+15,70000,118.93,1,14,24,20
798,2.76211E+15,50000,95.24,20,35,27,5
799,2.76401E+15,216820,150.1,5,171,24,1.4
800,2.76321E+15,21000,111.11,1.4,15,55,1.3
801,2.76621E+15,90000,116.4,1.3,14,14,1
802,2.76435E+15,1000000,114.54,1,22,7,1.8
803,2.76385E+15,233833,99.93,1.8,493,1,1.3
804,2.76495E+15,168000,116.26,1.3,12,33,2
805,2.76685E+15,50000,116.1,2,254,128,1
806,2.7674E+15,336565,114.71,1,11,29,2
807,2.7693E+15,50000,116.22,2,6,56,1
808,2.7712E+15,200000,115.87,1,1,14,1.3
809,2.76744E+15,100000,125.85,1.3,1,22,1.3
810,2.76664E+15,105156,114.12,1.3,2,12,3
811,2.77154E+15,21000,95.24,3,12,20,3
812,2.77344E+15,52332,95.54,3,18,2,2
813,2.77132E+15,21000,111.11,2,1,1,30
814,2.77322E+15,300000,112.71,30,17,4,1.3
815,2.77242E+15,50000,115.72,1.3,1171,46,1
816,2.77297E+15,50000,95.24,1,20,25,2
817,2.77217E+15,1600000,127.87,2,11,44,1
818,2.77136E+15,50000,95.24,1,36,6,10
819,2.77111E+15,42000,115.48,10,26,12,1.4
820,2.76408E+15,50000,95.24,1.4,45,53,7.5625
821,2.76598E+15,52391,117.41,7.5625,2,25,3
822,2.76788E+15,850000,115.64,3,4,31,2
823,2.76978E+15,202664,113.75,2,11,12,2
824,2.76492E+15,90000,95.06,2,25,74,3.8125
825,2.76682E+15,25200,115.62,3.8125,30,12,2
826,2.76737E+15,50000,95.24,2,41,10,1.4
827,2.76792E+15,1700000,112.01,1.4,5,31,2
828,2.76847E+15,21000,111.11,2,17,8,10
829,2.76767E+15,1148708,117.89,10,44,9,1.5
830,2.76552E+15,200000,109.97,1.5,18,59,2
831,2.75661E+15,50000,95.24,2,14,86,4
832,2.75582E+15,21000,115.5,4,88,31,2
833,2.75771E+15,60000,116.26,2,72,29,2
834,2.75826E+15,50000,115.86,2,26,27,1
835,2.75747E+15,21000,118.67,1,12,41,2
836,2.75398E+15,21000,111.11,2,15,68,2
837,2.75587E+15,21000,119.05,2,2,24,2
838,2.75777E+15,441305,119.26,2,131,17,1.4
839,2.75886E+15,1018880,111.78,1.4,216,1,1.4
840,2.76076E+15,170000,116.43,1.4,866,3,1.3
841,2.76456E+15,60000,115.89,1.3,3,47,1
842,2.76431E+15,21000,126.98,1,12,37,1.3
843,2.76811E+15,6720000,110.52,1.3,2,1,20
844,2.77136E+15,1154555,106.68,20,21,2,1.4
845,2.77056E+15,105000,114.06,1.4,12,49,2
846,2.77111E+15,72000,114.33,2,3523,3,1
847,2.77301E+15,1000000,112.07,1,938,2,1.3
848,2.76814E+15,21000,119.05,1.3,9,72,1
849,2.77004E+15,70000,105.98,1,19,21,3.11
850,2.76924E+15,42000,115.58,3.11,34,1,3
851,2.76438E+15,246818,105.69,3,79,1,2.3
852,2.76088E+15,105000,115.57,2.3,13,24,10
853,2.76143E+15,21000,102.04,10,2,25,2.6
854,2.76333E+15,50000,116.38,2.6,6,66,1
855,2.75983E+15,150000,112.36,1,28,55,2
856,2.76173E+15,4000000,115.66,2,51,18,2
857,2.76148E+15,166666,114.29,2,19,42,1.3
858,2.75529E+15,21000,111.11,1.3,75,45,3
859,2.75718E+15,52967,94.4,3,49,9,1.4
860,2.75748E+15,100000,116.03,1.4,121,9,1.3
861,2.75993E+15,4986349,110.91,1.3,108,1,2.55
862,2.76183E+15,133000,110.35,2.55,2111,7,1.3
863,2.76023E+15,21000,111.11,1.3,21,52,1.4
864,2.76078E+15,400000,117.3,1.4,867,8,1.3
865,2.76268E+15,77206,115.88,1.3,50,4,1
866,2.76243E+15,21000,111.81,1,18,2,1
867,2.76218E+15,37600,88.5,1,6,36,2
868,2.76408E+15,21000,111.11,2,16,13,2
869,2.76518E+15,50000,116.24,2,10,29,1
870,2.76167E+15,150000,113.21,1,3,30,10
871,2.74874E+15,95117,115.18,10,50,26,5.3
872,2.74795E+15,25200,116.23,5.3,79,15,3.8125
873,2.74636E+15,146718,107.03,3.8125,21,14,3
874,2.74825E+15,55000,108.11,3,2,47,3
875,2.751E+15,42000,116.32,3,59,14,2
876,2.7521E+15,1600000,127.87,2,37,11,2
877,2.74648E+15,21000,111.11,2,37,19,3
878,2.74569E+15,21000,111.11,3,42,8,30
879,2.74758E+15,50000,116.81,30,39,3,1
880,2.74813E+15,21000,114.29,1,2,19,20
881,2.75002E+15,1000000,117.39,20,96,31,2
882,2.75057E+15,1600000,127.87,2,65,5,3
883,2.75112E+15,21000,119.05,3,5,29,3
884,2.75302E+15,267126,106.65,3,104,31,2
885,2.75491E+15,799999,114.89,2,4,27,3
886,2.75681E+15,40000,116.75,3,186,11,1.4
887,2.76035E+15,100000,115.78,1.4,220,6,1.3
888,2.75955E+15,400000,115.07,1.3,23,40,3
889,2.76145E+15,60000,116.1,3,24,93,3
890,2.762E+15,1000000,113.68,3,10,70,4
891,2.76255E+15,4000000,115.67,4,8,61,3
892,2.7631E+15,54973,110.01,3,3,69,2
893,2.76095E+15,60000,115.76,2,16,35,3
894,2.75531E+15,166666,114.29,3,66,89,10
895,2.75182E+15,2000000,121.69,10,87,17,6
896,2.75371E+15,21000,95.24,6,67,9,5
897,2.75561E+15,346591,117.06,5,90,3,4.5
898,2.75616E+15,74422,100.78,4.5,108,29,3
899,2.75805E+15,21000,119.05,3,1,33,3
900,2.75321E+15,21000,95.24,3,10,27,10
901,2.75376E+15,21000,95.24,10,7,25,4.5
902,2.75431E+15,50000,116.24,4.5,62,24,1
903,2.75486E+15,21000,111.11,1,44,19,3
904,2.75541E+15,150000,114.29,3,6,23,3
905,2.75731E+15,60000,115.53,3,208,47,3
906,2.75921E+15,60000,115.57,3,60,30,3
907,2.7611E+15,100000,133.3,3,15,44,3
908,2.763E+15,100000,116.26,3,262,12,2
909,2.75117E+15,21000,95.24,2,6,13,6
910,2.75496E+15,21000,116.41,6,70,83,3
911,2.75281E+15,150000,116.02,3,8,30,4
912,2.75202E+15,60000,137.92,4,9,45,4
913,2.75312E+15,60000,116.7,4,54,32,3
914,2.75501E+15,60000,116.21,3,93,24,3
915,2.75422E+15,21000,126.98,3,14,53,3
916,2.75532E+15,70000,119.13,3,10,28,3
917,2.75103E+15,60000,116.22,3,202,63,3
918,2.75024E+15,65000,124.43,3,22,72,3
919,2.75213E+15,67141,99.29,3,2,35,2.1
920,2.75268E+15,166666,114.29,2.1,13,103,1
921,2.75457E+15,100000,106.76,1,131,28,2
922,2.75647E+15,70000,118.93,2,2,12,20
923,2.75567E+15,21000,95.24,20,8,62,3
924,2.75757E+15,60000,115.89,3,380,29,1.5
925,2.76191E+15,1000000,118.14,1.5,4,10,5
926,2.76571E+15,70000,119.13,5,4,45,3
927,2.76491E+15,680000,116.64,3,534,6,1.365
928,2.76601E+15,90000,116.25,1.365,6,16,1.30003
929,2.7671E+15,57087,127.42,1.30003,9,26,5
930,2.76901E+15,300000,149.97,5,21,14,2
931,2.77281E+15,200000,104.93,2,1,37,2
932,2.77336E+15,100000,107.14,2,47,2,1.5
933,2.77391E+15,21000,102.04,1.5,2,19,1.3
934,2.7731E+15,21000,119.05,1.3,1,56,1.3
935,2.77501E+15,21000,95.24,1.3,1,14,3.25
936,2.77014E+15,42000,119.05,3.25,5,94,5
937,2.77204E+15,41000,115.9,5,44,26,1.3
938,2.7764E+15,21000,129.87,1.3,16,18,2
939,2.7783E+15,382588,112.06,2,19,8,1
940,2.78021E+15,500000,124.92,1,243,3,1.2974
941,2.78212E+15,350646,105.57,1.2974,1143,1,1.3
942,2.78402E+15,50000,115.52,1.3,65,38,1
943,2.78593E+15,441355,100.09,1,66,1,1.3
944,2.78104E+15,21000,119.05,1.3,13,34,4.5
945,2.77887E+15,42000,115.89,4.5,17,44,2
946,2.774E+15,200000,95.24,2,31,82,3
947,2.77455E+15,52051,117.15,3,4,10,20
948,2.7751E+15,42000,115.65,20,18,35,3
949,2.777E+15,60000,112.63,3,2,2,20
950,2.7762E+15,400000,119.26,20,68,25,2
951,2.77675E+15,850000,114.92,2,45,10,6
952,2.77865E+15,100000,87.35,6,44,11,2
953,2.77242E+15,150000,118.31,2,1,36,4
954,2.77622E+15,21000,115.64,4,24,22,2
955,2.77813E+15,40000,116.23,2,42,10,1.3
956,2.78004E+15,100000,115.87,1.3,171,4,1.3
957,2.78385E+15,229291,101.7,1.3,241,2,1
958,2.79013E+15,4000000,115.66,1,9,42,1.6
959,2.79204E+15,229291,109.96,1.6,1441,3,1.29093
960,2.79314E+15,4000000,114.29,1.29093,10,33,1.28577
961,2.79506E+15,70000,118.93,1.28577,16,9,5
962,2.79697E+15,1158180,107.96,5,19,3,1.4
963,2.79725E+15,25200,136.05,1.4,15,53,2
964,2.78935E+15,74316,112.83,2,5,21,1.4
965,2.79126E+15,250000,114.39,1.4,7,33,2
966,2.79181E+15,21000,116.24,2,1664,2,1
967,2.79154E+15,90000,116.38,1,16,66,2
968,2.78937E+15,4537025,115.96,2,51,4,3.3
969,2.78093E+15,21040,116.39,3.3,122,9,1.3
970,2.77741E+15,50000,115.52,1.3,31,111,1
971,2.77932E+15,21000,116.29,1,39,34,1.4
972,2.77987E+15,50000,116.28,1.4,24,9,1.3
973,2.77608E+15,50000,116.34,1.3,73,10,1.3
974,2.76769E+15,21000,136.05,1.3,83,67,5
975,2.76959E+15,90000,116.33,5,88,45,2
976,2.77014E+15,70000,113.36,2,5,62,1.3
977,2.76392E+15,110000,110.84,1.3,56,84,2
978,2.76178E+15,47132,118.5,2,3,70,2
979,2.76233E+15,50000,116.09,2,16,62,1
980,2.75263E+15,21000,114.29,1,3,2,41
981,2.75318E+15,25200,116.4,41,18,20,1
982,2.75508E+15,50000,115.75,1,22,3,3
983,2.75024E+15,340264,117.56,3,17,45,5
984,2.73925E+15,145574,109.71,5,77,11,5
985,2.74114E+15,21000,95.24,5,38,13,5
986,2.74169E+15,6720000,120.72,5,162,2,6
987,2.74357E+15,42000,116.26,6,122,10,3.60938
988,2.73877E+15,21000,119.05,3.60938,15,34,3.60938
989,2.73853E+15,1207354,117.14,3.60938,199,16,1
990,2.74041E+15,1207354,116.47,1,188,9,3
991,2.73829E+15,1309297,116.85,3,206,5,5
992,2.74018E+15,1216774,116.33,5,202,9,3
993,2.74072E+15,918501,111.1,3,86,1,5
994,2.74261E+15,110000,80.96,5,253,2,3
995,2.7445E+15,117669,132.42,3,209,1,3
996,2.7456E+15,70000,118.93,3,4,16,20
997,2.74749E+15,1000000,116.34,20,9,26,4
998,2.74938E+15,21000,115.88,4,231,21,2.40625
999,2.74322E+15,78332,122.57,2.40625,40,122,3.60938
1000,2.74377E+15,400000,115.65,3.60938,2,50,2.9
1001,2.74298E+15,21000,105.82,2.9,4,87,2
1002,2.74219E+15,36785,101.31,2,13,64,2
1003,2.74274E+15,90000,114.94,2,3,27,20
1004,2.74329E+15,42000,95.84,20,13,85,2
1005,2.74384E+15,37353,116.25,2,374,32,2
1006,2.74037E+15,42000,105.42,2,6,79,3
1007,2.73478E+15,710000,110.45,3,58,17,3
1008,2.73666E+15,1600000,127.87,3,198,62,1.4403
1009,2.73776E+15,400000,118.52,1.4403,10,69,1.5
1010,2.73831E+15,42000,119.05,1.5,3,44,1.5
1011,2.73886E+15,50000,115.48,1.5,81,65,1
1012,2.7354E+15,42000,119.05,1,33,110,5
1013,2.73461E+15,53000,90.97,5,32,69,3
1014,2.73571E+15,90000,112.31,3,6,7,20
1015,2.73626E+15,4000000,115.66,20,23,83,2.1
1016,2.7387E+15,70000,118.93,2.1,2,14,18
1017,2.73657E+15,76869,129.93,18,31,69,3
1018,2.74035E+15,150000,82.37,3,795,12,1.3
1019,2.73822E+15,184428,118.16,1.3,1,99,3
1020,2.73877E+15,100000,125.85,3,6,43,1.3
1021,2.73719E+15,250000,107.32,1.3,38,118,3
1022,2.73908E+15,250000,110.04,3,4,68,3
1023,2.73963E+15,4000000,114.29,3,3,39,1.1
1024,2.74151E+15,150000,115.87,1.1,10,5,50
1025,2.73671E+15,400000,114.86,50,1,137,1
1026,2.73325E+15,105000,114.29,1,14,70,4
1027,2.72579E+15,21000,119.05,4,2,140,1
1028,2.72634E+15,55000,106.52,1,11,43,3
1029,2.72157E+15,120000,119.07,3,35,49,3
1030,2.72079E+15,42000,105.42,3,12,41,3
1031,2.72267E+15,400000,114.71,3,23,37,3
1032,2.72455E+15,235507,118.76,3,141,45,2
1033,2.72643E+15,4000000,115.66,2,12,58,2
1034,2.72564E+15,50000,116.33,2,387,40,1.3
1035,2.72619E+15,93024,110.76,1.3,26,3,5
1036,2.72596E+15,120000,116.77,5,5,61,2
1037,2.72252E+15,93536,110.59,2,42,80,3
1038,2.72041E+15,211396,114.02,3,23,47,2
1039,2.72096E+15,21000,116.26,2,34,9,2
1040,2.72284E+15,1600000,127.87,2,67,9,1.711
1041,2.72339E+15,2166054,110.86,1.711,120,1,3
1042,2.7205E+15,21000,124.22,3,3,61,5
1043,2.72027E+15,118580,114.06,5,8,58,1
1044,2.72214E+15,21000,116.22,1,15,63,2
1045,2.7198E+15,104688,114.63,2,19,88,4.0002
1046,2.71371E+15,87939,111.72,4.0002,39,160,3
1047,2.71294E+15,21000,115.89,3,105,109,3
1048,2.71138E+15,392742,118.15,3,34,97,1.6
1049,2.71326E+15,500000,112.67,1.6,48,66,2
1050,2.70983E+15,500000,114.32,2,29,93,1.5
1051,2.70884E+15,500000,124.92,1.5,23,37,1.01
1052,2.70939E+15,150000,114.29,1.01,8,104,1
1053,2.71126E+15,47641,151.6,1,1,11,3.6
1054,2.70971E+15,21000,119.05,3.6,30,104,2
1055,2.71081E+15,1529862,116.98,2,141,21,1.3
1056,2.7E+15,90000,120.57,1.3,2,101,2
1057,2.69792E+15,21000,126.98,2,28,100,2
1058,2.69978E+15,1000000,113.92,2,51,35,1.8
1059,2.70165E+15,1000000,115.71,1.8,16,29,2
1060,2.70484E+15,279255,101.73,2,122,42,1.3
1061,2.70671E+15,21000,119.05,1.3,2,12,2
1062,2.70197E+15,250000,115.87,2,2,91,3
1063,2.7012E+15,816630,136.54,3,48,13,2
1064,2.70175E+15,710000,110.45,2,6,51,2
1065,2.69834E+15,21000,119.05,2,5,47,1
1066,2.69944E+15,360000,116.47,1,17,61,1
1067,2.69867E+15,67141,80.68,1,40,113,1
1068,2.69922E+15,6720000,120.56,1,17,21,1
1069,2.69769E+15,42000,116.33,1,14,13,2
1070,2.69824E+15,1000000,117.34,2,25,9,1
1071,2.69802E+15,21000,111.11,1,4,2,30
1072,2.69857E+15,60000,115.89,30,9,67,1.5
1073,2.69517E+15,200000,119.05,1.5,25,109,1.5
1074,2.691E+15,400000,114.56,1.5,106,80,2
1075,2.68892E+15,52967,94.4,2,96,44,1.6
1076,2.68947E+15,1600000,127.87,1.6,138,19,3
1077,2.69133E+15,7200026,113.67,3,859,1,3.25
1078,2.69057E+15,250000,127.81,3.25,2,20,4
1079,2.69243E+15,57354,116.1,4,70,41,1
1080,2.69222E+15,60000,106.32,1,20,65,1
1081,2.69145E+15,21000,116.14,1,16,67,2
1082,2.68806E+15,21000,102.04,2,5,88,3
1083,2.68653E+15,333996,116.23,3,11,76,3
1084,2.68708E+15,1600000,127.87,3,78,30,2
1085,2.67246E+15,21000,119.05,2,86,115,2
1086,2.6717E+15,70000,119.33,2,109,47,5
1087,2.67225E+15,52698,94.88,5,35,44,1.6
1088,2.67411E+15,100000,115.65,1.6,86,10,1.5
1089,2.6739E+15,70000,118.93,1.5,17,107,2
1090,2.675E+15,70000,119.13,2,4,75,1
1091,2.67555E+15,21000,119.05,1,14,41,1.4
1092,2.67218E+15,180000,122.73,1.4,19,126,2
1093,2.67403E+15,400000,116.22,2,4,43,1.4
1094,2.67458E+15,150000,106.24,1.4,15,83,5
1095,2.67383E+15,235507,133.6,5,32,36,1.3
1096,2.67568E+15,50000,116.29,1.3,94,78,1
1097,2.67417E+15,100000,109.47,1,14,73,1.3
1098,2.67602E+15,21000,95.24,1.3,1,23,1.4
1099,2.67526E+15,80967,115.87,1.4,16,14,1
1100,2.67712E+15,1983804,115.36,1,5419,2,1
1101,2.67898E+15,7600027,115.93,1,1219,4,1
1102,2.67822E+15,70000,105.62,1,10,9,10
1103,2.68008E+15,4000000,115.66,10,24,48,1.4
1104,2.68063E+15,100000,116.41,1.4,6,48,1.3
1105,2.67649E+15,150000,116.02,1.3,1,30,3
1106,2.68021E+15,70000,118.93,3,2,1,20
1107,2.68206E+15,50000,116.68,20,66,29,1.4
1108,2.68131E+15,90000,114.94,1.4,7,16,20
1109,2.68316E+15,90000,125.02,20,8,86,5
1110,2.68502E+15,70000,119.13,5,5,70,1.4
1111,2.68557E+15,90000,107.19,1.4,27,17,5
1112,2.67826E+15,400000,115.17,5,30,144,1
1113,2.67881E+15,21000,95.24,1,73,45,5
1114,2.68066E+15,100000,115.88,5,95,71,1.4
1115,2.67729E+15,52065,122.22,1.4,4,54,5
1116,2.67784E+15,42000,105.42,5,41,73,2
1117,2.67185E+15,21000,119.05,2,4,51,5.5
1118,2.6737E+15,45272,118.76,5.5,1,50,4
1119,2.67425E+15,111951,125.02,4,12,14,2
1120,2.66958E+15,90000,125.02,2,144,74,5
1121,2.67514E+15,37417,116.41,5,93,41,1.5
1122,2.67438E+15,150000,120.52,1.5,5,25,10.1
1123,2.67679E+15,21000,79.37,10.1,36,42,1.5
1124,2.67603E+15,250000,116.33,1.5,116,56,1.5
1125,2.67789E+15,50000,95.24,1.5,15,62,5
1126,2.67899E+15,100000,115.75,5,37,23,1.4
1127,2.67561E+15,21000,136.05,1.4,16,41,1.5
1128,2.67616E+15,166666,114.29,1.5,8,31,2
1129,2.67802E+15,50000,115.9,2,3,27,1
1130,2.68153E+15,2451000,115.81,1,92,1,6
1131,2.68339E+15,250000,102.18,6,222,1,1.5
1132,2.68766E+15,55000,115.38,1.5,2,22,1.5
1133,2.68689E+15,250000,113.38,1.5,19,102,2
1134,2.67882E+15,50000,115.9,2,1201,168,1
1135,2.68025E+15,2280000,116.32,1,11,22,1
1136,2.68211E+15,42000,119.05,1,1,1,20
1137,2.68321E+15,90000,115.48,20,17,12,2
1138,2.68693E+15,21000,116.24,2,2,42,1.5
1139,2.69065E+15,1200000,106.46,1.5,9,20,2
1140,2.69044E+15,1345000,119.09,2,4,72,1.7
1141,2.6923E+15,50000,116.38,1.7,41,44,1
1142,2.69209E+15,67902,118.91,1,17,111,2
1143,2.69581E+15,21000,115.55,2,6,43,2
1144,2.69088E+15,1000000,117,2,5,107,2
1145,2.69461E+15,600000,116.68,2,7,17,1.5
1146,2.69253E+15,21000,119.05,1.5,14,59,1.5
1147,2.69176E+15,150000,114.14,1.5,21,39,5
1148,2.67917E+15,42000,119.05,5,51,67,20
1149,2.67841E+15,21000,79.37,20,14,67,3
1150,2.67634E+15,21000,136.05,3,9,51,3
1151,2.67689E+15,21000,115.83,3,118,41,2
1152,2.67744E+15,70000,119.13,2,7,13,20
1153,2.67669E+15,21000,95.24,20,16,80,2
1154,2.67854E+15,40000,116.21,2,225,16,1.4
1155,2.6804E+15,4000000,115.66,1.4,2,58,2
1156,2.68095E+15,50000,116.24,2,68,101,1
1157,2.68281E+15,200000,122.57,1,339,28,1.17612
1158,2.67943E+15,38370,108.59,1.17612,13,89,2.4
1159,2.68129E+15,100000,114.31,2.4,6,35,3
1160,2.68184E+15,144028,132.94,3,45,68,1.4
1161,2.68031E+15,50000,115.82,1.4,72,38,1.5
1162,2.68348E+15,500000,111.04,1.5,19,33,1
1163,2.68403E+15,21000,129.87,1,2,46,2
1164,2.67672E+15,21000,115.71,2,58,128,1.71111
1165,2.67727E+15,635000,99.62,1.71111,10,69,2
1166,2.67782E+15,65000,132.72,2,6,58,1.4
1167,2.67837E+15,65000,127.3,1.4,19,59,1
1168,2.67947E+15,21000,109.89,1,18,53,2
1169,2.68002E+15,420000,122.45,2,8,30,3
1170,2.68242E+15,1000000,117.24,3,32,43,1
1171,2.68297E+15,4000000,115.66,1,11,4,1
1172,2.68352E+15,335000,112,1,8,28,4
1173,2.68331E+15,50000,116.24,4,30,49,1
1174,2.68255E+15,21000,136.05,1,28,49,1.5
1175,2.68441E+15,5077315,115.7,1.5,10225,7,1.4
1176,2.68289E+15,37762,115.9,1.4,13,19,1.5
1177,2.68082E+15,21000,102.04,1.5,23,70,2
1178,2.68137E+15,400000,98.43,2,54,22,1.4
1179,2.67909E+15,21000,116.25,1.4,11,11,1
1180,2.67867E+15,90000,97.46,1,36,106,1.5
1181,2.68052E+15,150000,115.87,1.5,42,13,20
1182,2.68107E+15,70000,119.13,20,7,92,3
1183,2.67901E+15,90000,128.29,3,6,25,2
1184,2.67825E+15,70000,119.13,2,16,81,2
1185,2.67618E+15,50000,116.24,2,18,98,1
1186,2.67467E+15,50000,95.01,1,5,78,3
1187,2.6726E+15,21000,109.89,3,13,122,2
1188,2.66642E+15,105000,114.79,2,21,5,20
1189,2.66828E+15,70000,107.68,20,17,102,2
1190,2.66883E+15,198006,129.44,2,147,43,1.4
1191,2.66938E+15,21000,95.24,1.4,10,74,3
1192,2.66993E+15,33705,115.52,3,20,40,1
1193,2.67047E+15,1260000,115.69,1,8,51,1.4
1194,2.67157E+15,104482,104.88,1.4,1,81,2
1195,2.67082E+15,40000,116.32,2,6,30,1.4
1196,2.668E+15,2000000,115.43,1.4,4,111,1.053
1197,2.6678E+15,250000,114.48,1.053,9,66,1
1198,2.66965E+15,420000,122.45,1,10,19,2
1199,2.67281E+15,293691,127.69,2,44,7,2
1200,2.67466E+15,500000,118.97,2,17,16,1.4
1201,2.67521E+15,21000,136.05,1.4,7,44,1.4
1202,2.67446E+15,1600000,117.73,1.4,26,4,4.1005
1203,2.67631E+15,50000,87.95,4.1005,914,3,1
1204,2.67817E+15,5032059,116.78,1,10971,1,1.4
1205,2.67927E+15,5500000,114.86,1.4,9633,1,1.4
1206,2.67982E+15,1600000,127.87,1.4,3,37,2
1207,2.67492E+15,21000,116.22,2,26,118,2
1208,2.67472E+15,110397,135.87,2,22,8,1.5
1209,2.67657E+15,350000,127.53,1.5,42,17,1.122
1210,2.67767E+15,200001,137.57,1.122,78,2,1.122
1211,2.67725E+15,50000,116.29,1.122,15,33,1
1212,2.6778E+15,60000,109.41,1,3,15,2
1213,2.68152E+15,710000,110.45,2,5,8,5
1214,2.68207E+15,235000,112.35,5,1,29,3
1215,2.68131E+15,7600027,116.91,3,770,6,2
1216,2.68317E+15,50000,115.76,2,47,25,1
1217,2.68558E+15,90000,116.4,1,5,6,2
1218,2.6835E+15,42000,119.05,2,9,26,20
1219,2.68274E+15,21000,126.98,20,27,67,2
1220,2.68067E+15,60000,116.22,2,56,45,1.26292
1221,2.68253E+15,70000,105.45,1.26292,29,10,1.04692
1222,2.68232E+15,175000,121.14,1.04692,420,11,1.02139
1223,2.68528E+15,6720000,110.52,1.02139,1,15,1.5
1224,2.68452E+15,21000,136.05,1.5,7,66,1.5
1225,2.68245E+15,710000,110.45,1.5,30,94,3
1226,2.68431E+15,328332,114.21,3,9,19,2
1227,2.68355E+15,133000,102.47,2,23,17,1.3
1228,2.6794E+15,90000,105.25,1.3,27,58,1.1
1229,2.67995E+15,40000,115.86,1.1,49,16,1.4
1230,2.67265E+15,21000,119.05,1.4,45,117,3
1231,2.67636E+15,21000,95.24,3,5,88,2
1232,2.67354E+15,50000,95.24,2,23,114,2
1233,2.67835E+15,144011,141.83,2,37,21,1.3
1234,2.6789E+15,21000,95.24,1.3,1,31,2
1235,2.6811E+15,21000,136.05,2,15,69,2
1236,2.68164E+15,90000,115.71,2,22,14,2
1237,2.68274E+15,108770,125.57,2,3,8,1.4
1238,2.68198E+15,21000,119.05,1.4,7,36,1
1239,2.68384E+15,2048455,117.69,1,2,13,1.4
1240,2.68439E+15,70000,119.13,1.4,14,60,1.3
1241,2.68494E+15,21000,116.14,1.3,1,31,2
1242,2.68418E+15,21000,102.04,2,1,3,13
1243,2.68473E+15,350317,128.85,13,13,62,1.5
1244,2.68528E+15,4000000,115.66,1.5,16,5,1
1245,2.68714E+15,180000,115.77,1,5,59,2
1246,2.68638E+15,50000,116.33,2,21,86,1
1247,2.6854E+15,62973,117.04,1,2,21,3
1248,2.67995E+15,70000,119.13,3,39,24,20
1249,2.67788E+15,400000,114.81,20,12,86,5
1250,2.67451E+15,50000,95.24,5,55,111,3
1251,2.67506E+15,50000,95.24,3,60,35,5
1252,2.67169E+15,1600000,127.87,5,58,109,2
1253,2.66311E+15,21000,116.28,2,76,59,2.2
1254,2.66366E+15,1600000,127.87,2.2,49,40,2
1255,2.66606E+15,120000,116.21,2,74,58,2
1256,2.66791E+15,21000,119.05,2,3,25,1.3
1257,2.66901E+15,100000,117.1,1.3,1,61,3
1258,2.66956E+15,42000,115.76,3,30,34,1.18594
1259,2.67196E+15,60000,115.89,1.18594,10,50,2.2
1260,2.67251E+15,121962,97.43,2.2,15,45,1.3
1261,2.66297E+15,1600000,127.87,1.3,16,68,1.5
1262,2.66092E+15,65543,111.12,1.5,29,2,7
1263,2.65887E+15,104944,114.35,7,22,62,5
1264,2.66072E+15,500000,130.79,5,4,43,2
1265,2.65402E+15,90000,115.95,2,22,132,1
1266,2.65068E+15,70000,119.13,1,37,67,5
1267,2.65382E+15,100000,94.26,5,70,65,2
1268,2.65566E+15,40000,115.56,2,269,29,1.3
1269,2.65491E+15,90000,118.77,1.3,9,91,1.3
1270,2.65546E+15,200000,130.46,1.3,6,42,1
1271,2.65472E+15,1348000,102.71,1,1,72,1.3
1272,2.65527E+15,42000,119.05,1.3,1,12,20
1273,2.65452E+15,119977,118.77,20,3,66,4
1274,2.65507E+15,42000,116.28,4,42,52,1.4
1275,2.65562E+15,65000,127.24,1.4,20,7,2
1276,2.65597E+15,52967,78.02,2,37,62,2
1277,2.65837E+15,56407,115.66,2,1,26,2
1278,2.66076E+15,1600000,77.85,2,3,21,1.51
1279,2.65742E+15,50000,95.24,1.51,16,92,2
1280,2.65667E+15,70000,119.13,2,15,70,1.3
1281,2.65851E+15,50000,95.24,1.3,19,15,7
1282,2.65906E+15,2250000,115.06,7,195,5,1.4
1283,2.66091E+15,50000,115.48,1.4,1252,80,1
1284,2.66016E+15,229599,92.54,1,8,24,1.4
1285,2.65941E+15,50000,95.24,1.4,23,7,5
1286,2.66661E+15,2250000,112.11,5,296,1,1.51
1287,2.66195E+15,246586,115.06,1.51,20,100,3
1288,2.6599E+15,21000,124.22,3,4,50,20
1289,2.65655E+15,21000,136.05,20,25,65,7
1290,2.6584E+15,42000,116.24,7,23,76,2
1291,2.65765E+15,21000,115.83,2,13,81,1.5
1292,2.6595E+15,70000,119.13,1.5,1,76,5
1293,2.658E+15,60000,109.7,5,4,30,1.35247
1294,2.6578E+15,21000,115.62,1.35247,26,26,2
1295,2.6576E+15,21000,129.87,2,8,16,7
1296,2.65945E+15,1000000,116.57,7,29,23,11
1297,2.6574E+15,50000,116.33,11,44,64,1
1298,2.65665E+15,21000,119.05,1,39,76,10
1299,2.65591E+15,1000000,115.47,10,88,34,7
1300,2.65646E+15,50000,95.24,7,84,46,4
1301,2.65441E+15,21000,119.05,4,6,73,5
1302,2.65496E+15,21000,119.05,5,4,60,3
1303,2.65551E+15,700000,111.03,3,37,67,2
1304,2.65736E+15,400000,131.42,2,71,49,1.5
1305,2.65401E+15,21000,136.05,1.5,28,65,4
1306,2.65586E+15,300000,124.72,4,1,48,1.3
1307,2.65771E+15,660000,116.88,1.3,5,23,1.3
1308,2.65881E+15,50000,115.71,1.3,62,66,1
1309,2.65416E+15,50000,123.69,1,5,62,5
1310,2.65082E+15,109165,91.6,5,60,78,3
1311,2.65137E+15,135963,146.49,3,63,26,3
1312,2.65192E+15,250000,116.34,3,61,34,1.4
1313,2.65377E+15,60000,115.83,1.4,214,12,1.3
1314,2.65432E+15,568019,115.73,1.3,1,41,3
1315,2.65616E+15,211396,114.02,3,4,7,1.3
1316,2.65856E+15,500005,103.83,1.3,443,2,1.422
1317,2.66041E+15,100000,115.82,1.422,928,16,1.3
1318,2.65241E+15,90000,79.37,1.3,61,74,1
1319,2.65425E+15,50000,95.24,1,66,50,5
1320,2.6561E+15,233545,130.08,5,74,24,1.4
1321,2.65795E+15,750000,98.94,1.4,15,1,6
1322,2.66034E+15,6000000,111.44,6,111,3,1.51
1323,2.66089E+15,65000,116.37,1.51,269,62,1.3
1324,2.66144E+15,233545,130.08,1.3,14,33,1.3
1325,2.66069E+15,70000,119.13,1.3,15,50,1.3
1326,2.66254E+15,4000000,115.66,1.3,11,34,3
1327,2.66624E+15,100000,115.53,3,990,19,1.3
1328,2.66734E+15,70000,119.13,1.3,20,40,1.4
1329,2.66844E+15,1600000,115.81,1.4,44,1,1.87
1330,2.66899E+15,4000000,114.98,1.87,6,29,1.3
1331,2.67084E+15,39863,121.61,1.3,1,23,4
1332,2.67641E+15,72471,98.56,4,2,12,1.3
1333,2.67729E+15,235507,106.88,1.3,56,42,1.4
1334,2.68232E+15,65000,127,1.4,2,31,2
1335,2.68473E+15,50000,116.38,2,34,66,1
1336,2.68659E+15,935000,98.19,1,3,65,2
1337,2.68409E+15,70000,118.93,2,16,93,2
1338,2.68464E+15,50000,116.24,2,116,25,1
1339,2.6865E+15,4000000,115.93,1,120,1,3
1340,2.68739E+15,117988,83.23,3,20,12,2
1341,2.6898E+15,70000,119.13,2,12,68,2
1342,2.68696E+15,21000,136.05,2,3,17,1.5
1343,2.68882E+15,1600000,135.72,1.5,2,29,1.5
1344,2.68937E+15,70000,119.13,1.5,13,50,2
1345,2.69123E+15,635000,99.62,2,2,14,3.5
1346,2.68839E+15,211396,114.02,3.5,35,91,3
1347,2.68686E+15,21000,114.29,3,11,4,37
1348,2.68741E+15,122898,113.92,37,20,38,4
1349,2.68927E+15,1600000,127.87,4,31,88,1
1350,2.68588E+15,1260000,120.83,1,20,43,4.8
1351,2.68774E+15,123090,113.74,4.8,7,52,2
1352,2.68829E+15,123090,113.74,2,3,44,1.61111
1353,2.68338E+15,1600000,117.73,1.61111,76,36,2
1354,2.68186E+15,21000,115.48,2,30,13,2
1355,2.68372E+15,50000,115.81,2,192,30,1
1356,2.67903E+15,70000,105.98,1,15,49,5
1357,2.67696E+15,1200000,124.69,5,21,90,3
1358,2.67937E+15,83886,90.61,3,15,42,1.50001
1359,2.67861E+15,2000000,116.39,1.50001,17,34,20
1360,2.68047E+15,21000,116.31,20,19,40,4
1361,2.68102E+15,200000,130.75,4,4,59,2
1362,2.68288E+15,36225,138.03,2,4,43,1
1363,2.68474E+15,119902,125.1,1,3509,5,2
1364,2.68846E+15,50000,115.9,2,4,13,1
1365,2.68824E+15,400000,119.4,1,13,32,1.51
1366,2.68879E+15,120000,90.54,1.51,8,47,1.7
1367,2.68913E+15,400000,135.67,1.7,10,99,2
1368,2.68836E+15,21000,110.92,2,25,1,1.7
1369,2.68891E+15,500000,124.16,1.7,14,7,1.7
1370,2.68739E+15,21000,116.36,1.7,8,52,3.34375
1371,2.68925E+15,56098,116.31,3.34375,21,53,1.6001
1372,2.6909E+15,675000,139.5,1.6001,8,23,1.5
1373,2.68936E+15,21000,119.05,1.5,15,93,2
1374,2.6886E+15,1600000,128.03,2,32,49,1.51
1375,2.68915E+15,2451000,115.79,1.51,8,44,2
1376,2.69101E+15,51459,118.44,2,6,3,2.65
1377,2.68894E+15,21000,119.05,2.65,26,75,2
1378,2.68817E+15,21000,119.05,2,13,59,2
1379,2.68457E+15,21000,115.76,2,30,32,1.5642
1380,2.68381E+15,50000,95.24,1.5642,2,42,3
1381,2.68677E+15,21000,116.29,3,17,60,1
1382,2.68601E+15,150000,120.78,1,3,56,1.7
1383,2.67662E+15,36985,105.34,1.7,14,81,2
1384,2.67827E+15,65000,127.22,2,6,41,1.6
1385,2.67359E+15,228019,133.59,1.6,41,111,1.5
1386,2.67414E+15,2000000,116.39,1.5,2,28,2
1387,2.67599E+15,50000,115.9,2,10,29,1
1388,2.67654E+15,100000,116.34,1,161,42,1.5
1389,2.67579E+15,50000,116.33,1.5,21,107,1
1390,2.67764E+15,60000,115.89,1,2,34,1.5
1391,2.67558E+15,1794708,113.81,1.5,17,46,1.4
1392,2.67482E+15,400000,117.34,1.4,45,3,5
1393,2.67778E+15,2250000,115.06,5,2892,5,1.4
1394,2.67888E+15,70000,118.93,1.4,13,52,3
1395,2.67942E+15,235655,125.47,3,32,18,1.4
1396,2.68314E+15,676500,139.91,1.4,1,16,1.4
1397,2.68555E+15,126061,101.66,1.4,16,23,1.4
1398,2.67954E+15,104354,105.13,1.4,19,33,2
1399,2.67017E+15,1600000,127.87,2,113,42,2
1400,2.67202E+15,100000,116.08,2,102,59,1.5
1401,2.67388E+15,51460,116.6,1.5,2,2,26.991
1402,2.67422E+15,50000,116.24,26.991,47,105,1
1403,2.67477E+15,119977,125.02,1,3,41,2
1404,2.67717E+15,100000,116.29,2,223,8,1.5
1405,2.67958E+15,6000000,116.28,1.5,2047,5,1.5
1406,2.68013E+15,250000,115.8,1.5,149,10,1.4
1407,2.68068E+15,21000,116.14,1.4,1,1,41
1408,2.67861E+15,150000,117.72,41,25,6,20
1409,2.67916E+15,50000,95.24,20,4,63,3
1410,2.67971E+15,50000,95.24,3,9,46,2
1411,2.67427E+15,228084,133.54,2,1,50,1.46875
1412,2.67613E+15,1600000,127.87,1.46875,39,56,2
1413,2.67798E+15,30000,95.24,2,3,5,5
1414,2.67853E+15,100000,115.54,5,21,60,1.4
1415,2.68335E+15,21000,115.84,1.4,19,71,1.4
1416,2.68521E+15,1600000,128.03,1.4,21,4,3
1417,2.68948E+15,21000,119.04,3,2,42,1.47
1418,2.69003E+15,146132,108.38,1.47,7,11,4.1005
1419,2.69113E+15,70530,106.34,4.1005,2051,5,2
1420,2.69431E+15,100000,116.41,2,14,10,1.5
1421,2.69354E+15,1000000,105.95,1.5,105,2,1.51
1422,2.69015E+15,400000,115.76,1.51,28,46,3
1423,2.6907E+15,1600000,127.87,3,15,24,1.4
1424,2.69256E+15,6000000,116.28,1.4,2354,6,1.4
1425,2.69179E+15,70000,118.93,1.4,18,46,3
1426,2.68895E+15,1200000,132.42,3,39,4,4.1005
1427,2.6895E+15,1600000,116.41,4.1005,83,18,2
1428,2.69136E+15,50000,116.24,2,135,46,1
1429,2.69323E+15,7200026,116.02,1,1214,1,2
1430,2.69564E+15,100000,116.4,2,9,59,3
1431,2.69356E+15,1176961,116.13,3,46,34,1.422
1432,2.69542E+15,2250000,115.06,1.422,3747,5,1.3
1433,2.68468E+15,21000,119.05,1.3,28,37,5
1434,2.68391E+15,200000,127.12,5,54,16,1.4
1435,2.68577E+15,21000,116.29,1.4,80,14,2
1436,2.68819E+15,42000,119.05,2,1,20,1.5
1437,2.69005E+15,150000,121.8,1.5,6,21,3
1438,2.69191E+15,500005,116.83,3,1375,4,1.3
1439,2.69377E+15,250000,116.25,1.3,3455,14,1
1440,2.69432E+15,500005,121.14,1,1396,1,1.422
1441,2.69487E+15,1232459,121.39,1.422,2303,3,1.4
1442,2.69575E+15,21000,136.05,1.4,34,65,2
1443,2.68951E+15,200000,114.4,2,110,29,1.5
1444,2.69137E+15,90769,110.17,1.5,30,3,1.5
1445,2.69379E+15,119977,125.02,1.5,5,50,1.4
1446,2.69565E+15,6000000,115.42,1.4,3213,25,1.3
1447,2.69489E+15,60000,106.6,1.3,14,18,20
1448,2.6928E+15,150000,121.8,20,34,34,2
1449,2.69204E+15,70000,119.13,2,21,76,1
1450,2.6939E+15,100000,116.25,1,62,23,1.5
1451,2.69577E+15,419464,115.64,1.5,90,7,1
1452,2.69818E+15,50000,115.48,1,131,5,1
1453,2.69588E+15,75210,113.02,1,6,38,3
1454,2.69906E+15,1000000,133.82,3,4,41,1.6
1455,2.70093E+15,111558,116.23,1.6,1,16,1.3
1456,2.70335E+15,60000,110.01,1.3,5,11,1.4
1457,2.7039E+15,250000,115.82,1.4,1530,5,1.3
1458,2.70577E+15,184699,124.94,1.3,1225,7,1
1459,2.70764E+15,179572,118.73,1,395,4,1.3
1460,2.71248E+15,179572,118.73,1.3,70,1,1.3
1461,2.70774E+15,21000,136.05,1.3,36,122,1.5
1462,2.70961E+15,400000,114.91,1.5,10,18,1.421
1463,2.7139E+15,350000,126.67,1.421,64,2,1.6
1464,2.7171E+15,300000,115.67,1.6,5250,7,1.18594
1465,2.715E+15,101816,116.41,1.18594,21,35,2
1466,2.71423E+15,710000,110.45,2,33,2,1.8
1467,2.7161E+15,50000,95.24,1.8,42,15,1.32423
1468,2.71665E+15,65000,127.23,1.32423,1,3,8.1
1469,2.71587E+15,50000,95.01,8.1,20,71,1.3
1470,2.71775E+15,960000,97.67,1.3,1,32,2.1
1471,2.7183E+15,500000,122.05,2.1,12,13,1.4
1472,2.71221E+15,21000,116.14,1.4,33,76,2.1
1473,2.71144E+15,50000,116.24,2.1,18,89,1
1474,2.70537E+15,4000000,114.29,1,32,119,5
1475,2.70195E+15,675000,139.5,5,38,66,1
1476,2.70041E+15,42000,116.26,1,38,78,2
1477,2.69965E+15,120000,115.62,2,71,101,1.46875
1478,2.70151E+15,100000,116.25,1.46875,134,41,1.5
1479,2.69943E+15,1000000,114.75,1.5,20,67,2
1480,2.70129E+15,21000,116.21,2,18,20,1.5
1481,2.70184E+15,2000000,115.35,1.5,10,31,10
1482,2.70239E+15,62509,115.55,10,6,57,3
1483,2.7003E+15,1000000,116.23,3,48,88,1.5
1484,2.69953E+15,60000,116.38,1.5,309,66,1.46875
1485,2.70008E+15,52393,116.38,1.46875,18,7,2.2
1486,2.70327E+15,2250000,115.06,2.2,4954,10,1.4
1487,2.70514E+15,62697,116.27,1.4,397,10,1
1488,2.70547E+15,72471,98.56,1,419,48,1.4
1489,2.70602E+15,250000,119.35,1.4,1,31,7
1490,2.70789E+15,420622,122.04,7,1,15,1.4
1491,2.70976E+15,300000,123.15,1.4,5811,20,1.32423
1492,2.70821E+15,2100000,116.27,1.32423,15,56,5
1493,2.70876E+15,90000,125.02,5,7,57,3
1494,2.70799E+15,75930,120.32,3,11,69,2
1495,2.70854E+15,1700000,111.96,2,9,39,2
1496,2.71041E+15,60000,116.7,2,4,43,1
1497,2.70832E+15,678000,129.54,1,27,71,2.4
1498,2.71019E+15,544231,115.58,2.4,2,28,1.4
1499,2.71074E+15,21000,125.31,1.4,9,26,1.51
1500,2.71261E+15,300660,114.78,1.51,2,51,1.4
1501,2.70389E+15,21000,136.05,1.4,54,64,2
1502,2.70576E+15,200000,105.79,2,64,31,1.32423
1503,2.70367E+15,21000,136.05,1.32423,6,85,2
1504,2.7029E+15,77403,115.65,2,14,77,1.4
1505,2.70345E+15,70000,119.13,1.4,7,18,10
1506,2.704E+15,90000,116.69,10,20,86,1
1507,2.70378E+15,60000,116.29,1,12,27,1.4
1508,2.70168E+15,250000,111.04,1.4,23,56,2
1509,2.70223E+15,250000,121.88,2,17,54,2
1510,2.7041E+15,50000,115.9,2,9,41,1
1511,2.70465E+15,50000,116.24,1,5,13,1
1512,2.70652E+15,81506,122.69,1,2,26,1.5
1513,2.70949E+15,220534,93.51,1.5,42,11,1.4
1514,2.71004E+15,21000,136.05,1.4,11,28,1.47
1515,2.71192E+15,150000,115.87,1.47,2,22,1
1516,2.71379E+15,300000,123.15,1,6264,42,1
1517,2.71224E+15,100000,96.05,1,34,35,3
1518,2.71576E+15,21000,116.07,3,64,7,2
1519,2.71554E+15,21000,116.24,2,15,18,1.4
1520,2.71298E+15,21000,109.89,1.4,4,29,1.5
1521,2.70956E+15,1835000,109.54,1.5,36,17,11
1522,2.70614E+15,1600000,77.85,11,74,2,3.1005
1523,2.70988E+15,100000,116.23,3.1005,80,31,1.5
1524,2.71098E+15,7600027,132.07,1.5,1092,1,2
1525,2.71285E+15,50000,116.33,2,22,21,1
1526,2.71473E+15,6000000,115.42,1,1507,4,1.3
1527,2.71715E+15,400000,115.21,1.3,1,16,1
1528,2.71638E+15,6720000,120.56,1,16,45,3
1529,2.72013E+15,505648,118.66,3,22,6,1.47
1530,2.7199E+15,319843,126.12,1.47,4672,6,1.4
1531,2.71779E+15,1700000,112.03,1.4,1,20,2
1532,2.71967E+15,660000,98.02,2,3,64,1.4
1533,2.71944E+15,500000,130.89,1.4,6,5,1.35125
1534,2.71734E+15,760000,112.67,1.35125,29,111,5
1535,2.71258E+15,6720000,120.56,5,53,12,3
1536,2.71445E+15,336373,125.6,3,50,21,1.47
1537,2.71633E+15,235655,142.2,1.47,47,18,1
1538,2.71555E+15,21000,124.22,1,10,35,4.41
1539,2.71532E+15,235655,142.2,4.41,35,17,1.47
1540,2.71775E+15,21000,116.33,1.47,12,43,1.4
1541,2.7183E+15,505648,127.14,1.4,65,29,1.4
1542,2.71221E+15,21000,136.05,1.4,31,43,5
1543,2.71144E+15,105000,115.2,5,2,146,1
1544,2.71199E+15,50000,115.54,1,54,15,1.4
1545,2.70591E+15,441305,119.26,1.4,27,51,1.47
1546,2.70382E+15,55000,103.04,1.47,25,103,1
1547,2.70437E+15,6720000,110.52,1,15,18,5
1548,2.70789E+15,336661,114.66,5,49,33,1.47
1549,2.70844E+15,133000,102.47,1.47,43,15,1.47
1550,2.70899E+15,37017,118.6,1.47,8,39,2
1551,2.71086E+15,441305,119.26,2,19,7,1.4
1552,2.71329E+15,50000,114.58,1.4,102,4,1.4
1553,2.71384E+15,21000,119.05,1.4,6,58,1
1554,2.71571E+15,6000000,116.28,1,8657,5,1
1555,2.71626E+15,250000,122.33,1,7,52,1.3986
1556,2.70885E+15,21000,126.98,1.3986,52,75,2
1557,2.70676E+15,110000,109.57,2,60,10,4
1558,2.70731E+15,1600000,127.87,4,8,54,2
1559,2.70973E+15,50000,116.29,2,3,17,1
1560,2.7095E+15,133000,102.47,1,24,32,1.35125
1561,2.71005E+15,52742,119.23,1.35125,2,10,2
1562,2.70796E+15,21000,136.05,2,4,129,1
1563,2.70564E+15,105000,112.94,1,1,5,35
1564,2.70619E+15,50000,95.24,35,47,45,3
1565,2.70674E+15,250000,84.77,3,31,53,3
1566,2.70784E+15,135963,109.87,3,16,89,1.4
1567,2.70574E+15,233641,139.31,1.4,137,83,1.3958
1568,2.70497E+15,1600000,127.87,1.3958,52,55,1.1
1569,2.70552E+15,400000,113.69,1.1,26,7,14
1570,2.70607E+15,21000,109.33,14,393,1,1
1571,2.70904E+15,21040,116.22,1,22,45,1.4
1572,2.71091E+15,7200000,116.68,1.4,12280,4,1.39441
1573,2.71333E+15,7200026,108.42,1.39441,12304,1,2
1574,2.71443E+15,37173,108.78,2,133,2,1
1575,2.7089E+15,25200,136.05,1,4,7,5
1576,2.70945E+15,245908,125.76,5,16,56,1
1577,2.71187E+15,21000,95.24,1,3,24,1.4
1578,2.7111E+15,21000,119.05,1.4,10,39,1.4
1579,2.7122E+15,50000,95.24,1.4,2,4,5
1580,2.71407E+15,158820,116.32,5,29,10,1.4
1581,2.71595E+15,1500000,116.23,1.4,21,3,1.4
1582,2.71782E+15,2112112,116.78,1.4,2557,3,1.35125
1583,2.71892E+15,250000,111.04,1.35125,7,7,1.38884
1584,2.71526E+15,50000,115.86,1.38884,206,38,1
1585,2.71581E+15,21000,116.33,1,19,55,2
1586,2.71636E+15,6720000,110.52,2,8,1,20
1587,2.71824E+15,50000,115.51,20,49,11,1.38468
1588,2.71879E+15,70000,118.93,1.38468,1,87,2
1589,2.71458E+15,100000,115.64,2,72,20,1
1590,2.71513E+15,50000,115.56,1,21,25,1
1591,2.71037E+15,300000,95.24,1,20,84,3
1592,2.71092E+15,50000,116.29,3,43,11,2
1593,2.71015E+15,50000,116.68,2,79,18,1.3
1594,2.70938E+15,70000,118.93,1.3,18,34,3
1595,2.71125E+15,21000,116.24,3,17,15,1
1596,2.71939E+15,21000,136.05,1,2,57,1.4
1597,2.72182E+15,42000,119.05,1.4,12,9,20
1598,2.72104E+15,500000,110.19,20,28,46,3
1599,2.72026E+15,90000,116.4,3,28,8,2
1600,2.72778E+15,760000,112.71,2,6,24,1.14
1601,2.72755E+15,50000,95.24,1.14,2,11,1
1602,2.72387E+15,119977,112.52,1,32,101,3
1603,2.72497E+15,50000,116.24,3,106,104,1
1604,2.72685E+15,21000,95.24,1,2,15,3
1605,2.7274E+15,90000,116.71,3,7,32,2
1606,2.72983E+15,50000,115.54,2,18,9,1
1607,2.73147E+15,100000,140.35,1,29,9,1.365
1608,2.73312E+15,62814,118.66,1.365,2,7,1.3
1609,2.73234E+15,21000,136.05,1.3,21,17,1
1610,2.73422E+15,50000,116.24,1,50,4,1
1611,2.73477E+15,80967,115.79,1,1,26,1.3
1612,2.73666E+15,2280000,116.34,1.3,2,15,1.3
1613,2.73721E+15,21000,105.82,1.3,7,22,1.3
1614,2.73642E+15,289563,126.2,1.3,3,50,1.365
1615,2.73697E+15,250000,131.69,1.365,8,20,4
1616,2.73618E+15,21000,136.05,4,19,76,1.3
1617,2.73406E+15,353137,113.27,1.3,8,109,5
1618,2.73327E+15,100000,116.25,5,86,42,1.3
1619,2.73516E+15,123965,121.27,1.3,2,23,1.3
1620,2.73571E+15,90000,115.65,1.3,5,7,21
1621,2.73759E+15,1520000,137.95,21,4,56,1.3
1622,2.7328E+15,4000000,116.48,1.3,38,114,1.2
1623,2.72911E+15,51961,116.24,1.2,17,49,1.3
1624,2.72833E+15,50000,115.86,1.3,138,101,1
1625,2.73021E+15,21000,126.98,1,18,30,1
1626,2.72998E+15,119902,96.23,1,174,13,1.3
1627,2.72653E+15,300000,96.17,1.3,191,5,1.3
1628,2.72708E+15,50000,95.24,1.3,2,20,2.6
1629,2.73084E+15,21000,126.98,2.6,5,18,2
1630,2.73194E+15,7600000,94.14,2,362,2,2
1631,2.73382E+15,456305,123.06,2,27,24,1.3
1632,2.73571E+15,52393,116.38,1.3,3,28,1.3
1633,2.73626E+15,1583968,111.7,1.3,277,2,1.151
1634,2.73845E+15,21000,116.05,1.151,443,3,1
1635,2.73955E+15,81568,116.01,1,14,8,1.2
1636,2.74254E+15,50000,116.33,1.2,39,112,1
1637,2.74498E+15,150000,82.05,1,21,13,1.3
1638,2.74151E+15,344500,112.45,1.3,36,63,2
1639,2.7434E+15,100000,119.29,2,22,10,1.3
1640,2.74395E+15,42000,115.7,1.3,5,46,2
1641,2.74346E+15,250000,109.9,2,24,12,1
1642,2.74109E+15,200000,105.64,1,3,88,1.4
1643,2.74297E+15,133000,110.35,1.4,307,3,1.365
1644,2.74596E+15,341500,87.77,1.365,15,51,1.3
1645,2.74785E+15,60000,116.03,1.3,2,16,1.3
1646,2.74706E+15,250000,109.9,1.3,19,35,1.3
1647,2.74895E+15,233641,100.02,1.3,121,4,1.3
1648,2.74737E+15,21000,112.04,1.3,27,32,1
1649,2.74926E+15,21000,136.05,1,23,111,1
1650,2.74981E+15,1260000,85.93,1,2,14,4.4
1651,2.752E+15,100000,116.23,4.4,54,25,1.1
1652,2.75255E+15,50000,115.52,1.1,69,42,1
1653,2.75041E+15,216000,133.68,1,21,78,1.1
1654,2.75096E+15,37393,117.41,1.1,7,23,3
1655,2.75475E+15,600000,116.68,3,2,27,1.2
1656,2.7553E+15,37393,117.41,1.2,11,35,1.3
1657,2.7545E+15,90000,117.32,1.3,17,57,1.114
1658,2.75371E+15,37393,110.89,1.114,32,1,41
1659,2.7556E+15,6000000,116.09,41,35,3,1.3
1660,2.7575E+15,1983804,107.4,1.3,18800,1,1.3
1661,2.7567E+15,50000,95.24,1.3,13,83,3
1662,2.75456E+15,42000,115.86,3,41,63,1.26
1663,2.75566E+15,42000,115.67,1.26,19,34,1.14
1664,2.75755E+15,340000,112.37,1.14,4,9,1.3
1665,2.75945E+15,60000,115.89,1.3,6,37,3
1666,2.76135E+15,21000,116.34,3,9,7,1.3
1667,2.76569E+15,50000,95.24,1.3,9,68,1.14
1668,2.7733E+15,50000,95.24,1.14,3,16,1
1669,2.77385E+15,100000,103.51,1,7,54,3
1670,2.77305E+15,304112,115.21,3,5,58,1
1671,2.77495E+15,2112112,116.78,1,4137,30,1
1672,2.77685E+15,350000,119.09,1,4,8,1.14
1673,2.78257E+15,50000,116.24,1.14,6,40,1
1674,2.78231E+15,250000,97.26,1,54,27,1
1675,2.78151E+15,200000,105.79,1,18,30,1.05
1676,2.7826E+15,50000,115.74,1.05,17,37,1.2
1677,2.78315E+15,500000,118.63,1.2,28,2,1.14
1678,2.78506E+15,60000,116.23,1.14,19882,6,1
1679,2.78425E+15,200000,119.05,1,4,40,2.14
1680,2.7848E+15,7600027,94.03,2.14,128,2,2
1681,2.78156E+15,50000,116.25,2,24,20,1.14
1682,2.78211E+15,80000,116.26,1.14,6,35,1.05
1683,2.7813E+15,37393,117.41,1.05,14,20,3.3
1684,2.78321E+15,250000,109.9,3.3,19,1,2
1685,2.77832E+15,90000,125.02,2,24,26,4
1686,2.77887E+15,1102693,111.37,4,19,23,1.2
1687,2.77671E+15,90000,111.86,1.2,15,84,1.1
1688,2.77862E+15,350317,143.17,1.1,52,7,1.05
1689,2.78052E+15,1366855,105.43,1.05,46,1,1.2
1690,2.77971E+15,2250000,115.63,1.2,1161,56,1
1691,2.77891E+15,2250000,115.63,1,1185,4,1
1692,2.78327E+15,50000,116.33,1,54,116,1
1693,2.78382E+15,21040,116.33,1,13,23,2
1694,2.78301E+15,5310000,117.25,2,46,4,1.14
1695,2.78411E+15,119827,125.18,1.14,15,71,1.1
1696,2.78466E+15,100000,86.71,1.1,10,50,2
1697,2.77841E+15,250000,112.56,2,15,9,1.31
1698,2.78032E+15,50000,95.24,1.31,38,24,1.2
1699,2.78087E+15,21000,114.57,1.2,92,4,1
1700,2.78413E+15,71932,115.52,1,27586,2,1
1701,2.7798E+15,1600000,109.89,1,27,19,10
1702,2.7817E+15,25200,146.52,10,27,62,1
1703,2.78008E+15,50000,115.81,1,169,59,1
1704,2.78199E+15,1140000,101.43,1,1,73,2
1705,2.77983E+15,120000,116.25,2,31,21,1
1706,2.78173E+15,60000,115.89,1,1,12,1.1
1707,2.78092E+15,211396,114.02,1.1,12,48,1.05
1708,2.78338E+15,500000,118.45,1.05,7,43,3
1709,2.78312E+15,129082,117.95,3,3,74,1.2
1710,2.78422E+15,348448,114.79,1.2,1,31,1
1711,2.78341E+15,21000,95.24,1,17,107,1
1712,2.7826E+15,56410,132.95,1,9,29,1.1
1713,2.775E+15,1000000,117.1,1.1,31,60,7
1714,2.77555E+15,360000,111.82,7,12,54,4
1715,2.77068E+15,21000,102.04,4,19,34,10
1716,2.77123E+15,50000,116.24,10,780,34,1
1717,2.77313E+15,110000,119.2,1,49,82,2
1718,2.77613E+15,72471,115.87,2,82,53,1.13501
1719,2.77939E+15,21000,117.94,1.13501,3,26,1
1720,2.78049E+15,400000,114.91,1,20,90,2
1721,2.78104E+15,200000,127.25,2,2,16,1.05
1722,2.7835E+15,21000,115.82,1.05,5,23,1
1723,2.77182E+15,21000,105.82,1,45,144,2.5
1724,2.77156E+15,53850,115.52,2.5,1,67,1
1725,2.77211E+15,158133,86.23,1,4,43,1.1
1726,2.77321E+15,194868,125.88,1.1,49,21,1.05
1727,2.77511E+15,21000,95.24,1.05,1,17,1.2
1728,2.77702E+15,360000,113.08,1.2,1,10,2
1729,2.77947E+15,47529,115.52,2,5,8,1.05
1730,2.78193E+15,369571,128.6,1.05,203,6,1.1
1731,2.78248E+15,25200,114.5,1.1,1,53,5
1732,2.78303E+15,21000,129.87,5,1,65,1
1733,2.78358E+15,471305,118.68,1,22,13,1.2
1734,2.78413E+15,420000,122.45,1.2,4,26,20.5211
1735,2.78332E+15,340000,83.12,20.5211,17,114,1.1
1736,2.7817E+15,52332,115.83,1.1,6,27,1.1
1737,2.77872E+15,60000,108.95,1.1,40,24,1.1
1738,2.77927E+15,105000,113.47,1.1,6,33,1.1
1739,2.77847E+15,200000,105.79,1.1,13,178,1
1740,2.78092E+15,90000,112.11,1,1,14,1.1
1741,2.78147E+15,48276,109.12,1.1,1,62,1
1742,2.78067E+15,21000,136.05,1,10,36,4.4
1743,2.78121E+15,21000,109.89,4.4,6,62,1.1
1744,2.78176E+15,133000,143.46,1.1,95,31,1.05
1745,2.77552E+15,104654,114.66,1.05,60,34,20
1746,2.77472E+15,50000,126.54,20,74,176,1.1
1747,2.77256E+15,21000,136.05,1.1,2,85,5.1
1748,2.77311E+15,21000,136.05,5.1,1,24,2
1749,2.77637E+15,987802,113.67,2,104,36,1.1
1750,2.77285E+15,50000,95.24,1.1,21,203,1.1
1751,2.7734E+15,179572,128.63,1.1,16,60,1.1
1752,2.77395E+15,21000,115.5,1.1,73,15,1.1
1753,2.77179E+15,48665,116.3,1.1,12,75,1.1
1754,2.77424E+15,50000,116.25,1.1,7,53,1.1
1755,2.77615E+15,660000,114.92,1.1,4,22,1.1
1756,2.77127E+15,150000,119.7,1.1,22,179,1.65
1757,2.77102E+15,21000,111.11,1.65,7,69,2
1758,2.77483E+15,90000,116.33,2,1,151,1
1759,2.77131E+15,7200000,116.07,1,140,11,1.1
1760,2.77321E+15,42000,116.32,1.1,81,35,1.1
1761,2.77376E+15,760000,112.67,1.1,11,28,4
1762,2.77567E+15,222436,122.61,4,235,32,1.1
1763,2.77486E+15,21000,136.05,1.1,6,53,1.1
1764,2.77677E+15,21000,136.05,1.1,13,15,1
1765,2.77732E+15,250000,115.86,1,162,50,1.1
1766,2.77244E+15,21000,118.31,1.1,42,109,1.1
1767,2.77625E+15,65000,99.98,1.1,4,36,1.1
1768,2.7787E+15,300000,115.89,1.1,90,27,1.1
1769,2.77518E+15,21000,118.31,1.1,17,100,1.1
1770,2.76625E+15,21000,95.24,1.1,69,175,1.1
1771,2.76494E+15,21000,136.05,1.1,11,6,7
1772,2.76874E+15,119977,113.66,7,82,15,1
1773,2.76929E+15,382450,106.97,1,245,4,1.1
1774,2.76984E+15,50000,116.24,1.1,62,85,1
1775,2.77149E+15,21000,136.05,1,1,21,2
1776,2.77339E+15,1634409,117.75,2,315,26,1.1
1777,2.7772E+15,1140000,101.43,1.1,1,104,2
1778,2.77152E+15,421780,106.36,2,108,19,1.1
1779,2.77397E+15,1000000,116.34,1.1,228,24,1.1
1780,2.77181E+15,120000,123.93,1.1,10,104,1.00261
1781,2.76966E+15,104418,105.01,1.00261,1,79,3
1782,2.7694E+15,90000,125.02,3,3,118,1.05
1783,2.76995E+15,21000,136.05,1.05,7,25,1.1
1784,2.7705E+15,400000,115.17,1.1,1,45,1.1
1785,2.76754E+15,200000,105.64,1.1,2,51,2
1786,2.76594E+15,21000,136.05,2,1,25,1.1
1787,2.76649E+15,21000,136.05,1.1,9,61,1.1
1788,2.76434E+15,50000,116.24,1.1,111,184,1
1789,2.76489E+15,104418,105.01,1,6,26,1.1
1790,2.76679E+15,50000,115.81,1.1,1079,22,1
1791,2.76734E+15,150000,121.71,1,2,59,1
1792,2.76789E+15,21000,136.05,1,6,68,1
1793,2.76844E+15,42000,116.24,1,2,24,1.1
1794,2.76763E+15,100000,85.41,1.1,1,104,2
1795,2.76683E+15,80000,116.4,2,37,38,1.05
1796,2.76333E+15,21000,136.05,1.05,1,111,1.05
1797,2.76283E+15,200000,78.69,1.05,10,6,2
1798,2.76473E+15,760000,112.71,2,1,39,1.05
1799,2.76528E+15,100000,115.83,1.05,12,68,1.05
1800,2.76583E+15,500000,121.42,1.05,7,57,1.05
1801,2.75962E+15,21000,136.05,1.05,36,169,1
1802,2.76152E+15,4000000,116.29,1,12,77,1.1
1803,2.75643E+15,100000,116.31,1.1,28,34,1.1
1804,2.75832E+15,21000,119.05,1.1,3,51,5
1805,2.75887E+15,21000,116.32,5,105,36,1.1
1806,2.75942E+15,200000,119.28,1.1,8,14,20
1807,2.75863E+15,200000,109.53,20,26,113,1
1808,2.76052E+15,5310000,115.96,1,6,11,1.1
1809,2.75838E+15,21000,116.22,1.1,13,78,1.1
1810,2.75758E+15,21000,109.89,1.1,19,52,1.05
1811,2.76137E+15,1000000,116.13,1.05,20,20,1
1812,2.76382E+15,635000,114,1,7,27,5
1813,2.76032E+15,80442,111.34,5,4,110,5.1
1814,2.75818E+15,42000,119.05,5.1,21,106,1.1
1815,2.75738E+15,150000,133.15,1.1,11,114,1.1
1816,2.75658E+15,166666,114.29,1.1,1,3,18.3426
1817,2.75848E+15,50000,116.34,18.3426,22,54,1.1
1818,2.76013E+15,200000,105.79,1.1,10,34,1
1819,2.76202E+15,21000,119.05,1,1,15,1.1
1820,2.76257E+15,50000,115.76,1.1,33,109,1
1821,2.76312E+15,50000,115.76,1,16,32,1
1822,2.76502E+15,53000,118.46,1,12,51,1.1
1823,2.76557E+15,32945,113.83,1.1,7,48,5
1824,2.76667E+15,90000,116.28,5,26,30,1.1
1825,2.76182E+15,21000,119.05,1.1,4,109,2
1826,2.76292E+15,200000,105.71,2,18,50,1.1
1827,2.75402E+15,42000,119.05,1.1,69,224,2
1828,2.75592E+15,119977,125.02,2,5,47,1.1
1829,2.75512E+15,456305,123.06,1.1,17,87,1.1
1830,2.75567E+15,52260,100.64,1.1,7,23,2
1831,2.75677E+15,65000,99.86,2,21,66,1.1
1832,2.74845E+15,200000,95.24,1.1,7,21,10
1833,2.75034E+15,109000,123.93,10,9,159,1
1834,2.75089E+15,211396,114.02,1,4,39,1.1
1835,2.75144E+15,2000000,114.74,1.1,5,45,1.2
1836,2.75334E+15,28317,120.59,1.2,4,17,1.1
1837,2.75254E+15,80442,118.3,1.1,7,75,3.8125
1838,2.75309E+15,200000,105.71,3.8125,24,39,1.1
1839,2.74826E+15,74444,114.18,1.1,39,86,1.3
1840,2.74881E+15,2246613,115.73,1.3,51,30,1.1
1841,2.74668E+15,100000,136.12,1.1,28,109,3
1842,2.74723E+15,2551888,117.77,3,43,18,2
1843,2.74912E+15,21000,79.37,2,4,46,1.1
1844,2.74967E+15,76408,118.13,1.1,10,36,2
1845,2.74808E+15,80967,116.21,2,88,41,1.1
1846,2.74997E+15,65000,99.79,1.1,2,33,1.1
1847,2.75186E+15,341500,86.28,1.1,10,32,1.1
1848,2.74704E+15,250000,115.69,1.1,9,94,2
1849,2.75082E+15,1000000,121.98,2,24,55,1
1850,2.75137E+15,21000,113.38,1,2,32,1.155
1851,2.75247E+15,235315,129.67,1.155,1599,11,1
1852,2.75302E+15,236820,141.63,1,13252,7,1
1853,2.75492E+15,50000,116.1,1,82,73,1
1854,2.75008E+15,4000000,116.48,1,30,65,1.3
1855,2.74795E+15,55000,125.06,1.3,6,55,3
1856,2.74502E+15,4000000,116.48,3,27,3,25
1857,2.74691E+15,52826,116.25,25,55,47,1.1
1858,2.7432E+15,166666,114.29,1.1,16,97,1.1
1859,2.74509E+15,100000,116.33,1.1,72,12,1.1
1860,2.74698E+15,166666,114.29,1.1,3,28,2
1861,2.74942E+15,42000,116.35,2,18,32,1.1
1862,2.75131E+15,229695,138.72,1.1,2908,27,1
1863,2.75296E+15,39501,116.11,1,3,48,1.05125
1864,2.75082E+15,250000,119.13,1.05125,25,64,1.1
1865,2.75271E+15,50000,115.62,1.1,17,113,1
1866,2.74251E+15,158630,117.65,1,80,109,2.27002
1867,2.74629E+15,90000,115.71,2.27002,45,30,1
1868,2.7354E+15,90000,119.05,1,1,71,1.1
1869,2.73461E+15,36000,120.13,1.1,10,61,3.3
1870,2.73705E+15,23500,115.66,3.3,77,71,1
1871,2.73893E+15,21000,119.05,1,5,42,1.1
1872,2.73413E+15,200000,110.2,1.1,11,125,3
1873,2.73468E+15,120000,115.81,3,38,65,1.1
1874,2.73578E+15,21000,109.89,1.1,3,172,1
1875,2.73633E+15,50000,95.24,1,22,69,1.1
1876,2.73421E+15,50000,95.24,1.1,16,119,3
1877,2.73609E+15,200000,105.71,3,22,90,2
1878,2.73585E+15,158000,115.65,2,73,63,1.1
1879,2.73774E+15,1900000,126.14,1.1,3,44,5
1880,2.73829E+15,99000,134.91,5,7,16,1.1
1881,2.74018E+15,60000,116.29,1.1,4,48,1.1
1882,2.74128E+15,250000,107.38,1.1,11,24,1.05125
1883,2.74237E+15,50000,116.28,1.05125,20,27,1.1
1884,2.74426E+15,211129,116.47,1.1,4,23,2.1
1885,2.74615E+15,60000,116.34,2.1,2293,84,1
1886,2.74268E+15,72471,116.12,1,2,24,1.1
1887,2.74835E+15,4000000,114.29,1.1,1,26,2
1888,2.75079E+15,935000,85.38,2,1,62,1.05125
1889,2.7492E+15,4000000,114.29,1.05125,16,2,25
1890,2.74572E+15,22500,116.75,25,55,132,1.1
1891,2.74627E+15,78300,109.47,1.1,5,80,1
1892,2.74817E+15,70000,113.74,1,3,33,1.1
1893,2.74926E+15,50000,115.86,1.1,1,120,1
1894,2.75171E+15,500000,124.92,1,3113,15,1
1895,2.75226E+15,190232,116.95,1,9,26,2
1896,2.75281E+15,90000,125.02,2,16,30,2
1897,2.7547E+15,2000000,128.17,2,1,67,1
1898,2.7539E+15,211396,114.02,1,16,56,1.05125
1899,2.75445E+15,53639,113.62,1.05125,1,29,1.1
1900,2.755E+15,150000,115.45,1.1,5,69,1.05125
1901,2.75286E+15,21000,119.05,1.05125,20,123,2
1902,2.75451E+15,100000,116.16,2,16,78,1.05125
1903,2.75641E+15,4300000,119.36,1.05125,3,7,14
1904,2.7583E+15,275754,115.4,14,11,13,5.05125
1905,2.7602E+15,382477,106.94,5.05125,32,33,1.05125
1906,2.75671E+15,21000,129.87,1.05125,6,120,1.1
1907,2.7586E+15,60000,116.25,1.1,62,33,1.05
1908,2.75915E+15,21000,146.51,1.05,4,97,1.05125
1909,2.7597E+15,21000,119.05,1.05125,3,111,1
1910,2.76025E+15,21000,129.87,1,1,16,3.1
1911,2.76215E+15,50000,95.24,3.1,2,6,2.4
1912,2.7638E+15,25200,100.25,2.4,4,88,2
1913,2.76435E+15,50000,116.31,2,17,26,1.05
1914,2.76355E+15,103704,115.71,1.05,9,57,1
1915,2.7671E+15,78424,116.35,1,1043,39,1
1916,2.769E+15,21000,136.05,1,4,9,1.1
1917,2.76955E+15,1900000,126.18,1.1,8,31,3
1918,2.77145E+15,21000,136.05,3,1,31,3
1919,2.772E+15,200000,104.53,3,1,11,3.01953
1920,2.77581E+15,110635,99.52,3.01953,22,101,1.05
1921,2.77093E+15,25200,146.51,1.05,13,99,1
1922,2.76607E+15,60000,106.46,1,24,109,3
1923,2.76852E+15,235315,106.98,3,64,69,1
1924,2.76882E+15,70000,111.63,1,13,99,1.84594
1925,2.76937E+15,100000,116.4,1.84594,11,77,2
1926,2.77127E+15,50000,115.9,2,261,117,1
1927,2.77508E+15,21000,116.31,1,2,39,1.101
1928,2.77618E+15,80442,118.3,1.101,2,29,1
1929,2.77863E+15,21000,116.33,1,11,25,2
1930,2.78109E+15,104944,114.35,2,9,8,20
1931,2.78299E+15,21000,146.52,20,20,82,1
1932,2.77539E+15,65000,116.28,1,55,143,1.1
1933,2.77323E+15,50000,116.1,1.1,55,166,1
1934,2.76541E+15,50000,126.54,1,41,139,2
1935,2.76731E+15,50000,115.48,2,2041,163,1
1936,2.7684E+15,660000,115.63,1,2,20,2
1937,2.77031E+15,166666,114.29,2,1,14,1
1938,2.7714E+15,235000,112.35,1,13,121,1
1939,2.76519E+15,159914,115.71,1,5,118,2
1940,2.76709E+15,74130,114.66,2,42,27,1.1
1941,2.76629E+15,100000,116.4,1.1,24,80,1.05
1942,2.76549E+15,360000,119.52,1.05,17,60,1.1
1943,2.76604E+15,21000,119.05,1.1,14,9,20
1944,2.76443E+15,74316,114.38,20,1,80,1
1945,2.76498E+15,335000,113.46,1,7,41,1.05
1946,2.76473E+15,38306,116.29,1.05,23,99,2
1947,2.76448E+15,21000,119.05,2,2,18,1.05125
1948,2.76368E+15,75156,110.73,1.05125,5,143,1
1949,2.76343E+15,200000,132.89,1,6,10,4.1
1950,2.76533E+15,50000,116.24,4.1,43668,50,1
1951,2.75968E+15,400000,113.95,1,53,136,6.1
1952,2.75943E+15,100000,115.78,6.1,81,103,1.1
1953,2.75918E+15,72172,97.48,1.1,9,92,1.1
1954,2.76108E+15,65000,105.73,1.1,5,43,3
1955,2.76162E+15,74973,97.48,3,3,51,1.1
1956,2.75274E+15,21000,136.05,1.1,5,151,1
1957,2.74791E+15,21000,113.38,1,2,96,3
1958,2.74309E+15,90000,125.02,3,109,146,3
1959,2.74498E+15,166666,114.29,3,1,88,2
1960,2.74687E+15,50000,115.81,2,101,152,1
1961,2.74608E+15,610000,111.29,1,9,123,2
1962,2.74529E+15,52226,115.13,2,5,36,1.1
1963,2.74316E+15,150000,114.29,1.1,20,139,1.1
1964,2.74505E+15,635000,99.85,1.1,3,30,1.1
1965,2.7456E+15,21000,116.23,1.1,393,44,1.1
1966,2.74804E+15,41906,118.12,1.1,4,4,5
1967,2.74242E+15,21000,116.41,5,474,4,1.1
1968,2.7462E+15,89973,116.11,1.1,504,12,1.1
1969,2.74809E+15,100000,116.25,1.1,535,28,1.1
1970,2.74998E+15,235603,129.5,1.1,514,9,1.1
1971,2.7484E+15,89973,116.32,1.1,542,21,1.1
1972,2.75029E+15,150000,116.38,1.1,277,18,1.05
1973,2.75084E+15,400000,120.57,1.05,9,23,3
1974,2.75273E+15,50000,116.24,3,7,59,1
1975,2.7498E+15,35000,129.54,1,1,44,1
1976,2.75035E+15,50000,115.76,1,48,116,1
1977,2.74931E+15,100000,115.79,1,9,32,1.1
1978,2.75121E+15,21000,79.37,1.1,1,21,1.1
1979,2.75176E+15,99000,116.56,1.1,9,60,1.1
1980,2.7542E+15,55000,87.27,1.1,6,87,1.05125
1981,2.75071E+15,57000,117.79,1.05125,3,120,1.05
1982,2.75371E+15,120000,115.65,1.05,23,33,1.1
1983,2.75426E+15,22000,116.4,1.1,5,4,45
1984,2.75615E+15,21000,136.05,45,2,58,2
1985,2.75805E+15,90000,119.89,2,4,3,29
1986,2.75994E+15,55000,115.59,29,2,81,1.1
1987,2.76104E+15,110000,119.1,1.1,4,26,1.3
1988,2.76294E+15,6000000,115.19,1.3,165,8,1.1
1989,2.76674E+15,66149,116.23,1.1,2,29,1.1
1990,2.76594E+15,50000,95.24,1.1,25,23,5
1991,2.76298E+15,1260000,115.21,5,36,87,2
1992,2.76543E+15,120000,116.3,2,23,18,1.32
1993,2.76653E+15,21000,136.05,1.32,3,37,1
1994,2.76438E+15,200000,120.56,1,28,102,1
1995,2.76413E+15,100000,116.7,1,34,55,1.4
1996,2.76333E+15,996039,118.71,1.4,29,2,2
1997,2.76388E+15,6000000,115.51,2,234,9,1.2
1998,2.76173E+15,42000,115.88,1.2,2,74,3
1999,2.75419E+15,28346,113.8,3,14,83,2
2000,2.75663E+15,235000,112.07,2,1,30,3
2001,2.75718E+15,21000,136.05,3,2,14,5
2002,2.75504E+15,210000,115.17,5,15,95,2
2003,2.75693E+15,100000,115.5,2,108,26,1.2
2004,2.75614E+15,635000,99.85,1.2,14,51,3
2005,2.76183E+15,40000,114.29,3,1,28,1.2
2006,2.75833E+15,37169,115.3,1.2,21,82,2
2007,2.76023E+15,4000000,138,2,41,31,1.265
2008,2.76212E+15,279255,135.68,1.265,131,78,1
2009,2.75728E+15,90000,116.6,1,8,43,2
2010,2.75918E+15,50000,116.05,2,27,144,1
2011,2.75164E+15,150000,115.87,1,50,141,4
2012,2.75354E+15,90000,125.02,4,30,78,2
2013,2.75598E+15,21408,93.42,2,4,22,3.4
2014,2.75787E+15,100000,103.69,3.4,48,30,1.2
2015,2.75708E+15,610000,112.66,1.2,362,4,1.2
2016,2.75628E+15,21000,146.52,1.2,2,65,1.2
2017,2.74876E+15,400000,119.05,1.2,23,14,20
2018,2.75065E+15,159999,109.82,20,58,62,4
2019,2.74985E+15,50000,116.29,4,466,101,1
2020,2.7504E+15,150000,121.93,1,112,40,2
2021,2.7523E+15,1000000,115.8,2,2,53,1
2022,2.75608E+15,235507,106.88,1,3,23,1.2
2023,2.75988E+15,610000,112.66,1.2,530,8,1.2
2024,2.76177E+15,223812,129.75,1.2,332,9,1
2025,2.75883E+15,21000,146.52,1,1,48,2
2026,2.76073E+15,21000,116.33,2,3,44,1.05
2027,2.75104E+15,150000,114.29,1.05,23,154,1.9375
2028,2.75294E+15,110000,117.52,1.9375,47788,3,29
2029,2.75483E+15,1000000,120.53,29,53,16,2
2030,2.75728E+15,100000,116.34,2,50,32,1
2031,2.75917E+15,50000,116.38,1,151,70,1
2032,2.76107E+15,610000,112.66,1,726,3,1.2
2033,2.76162E+15,152465,114.7,1.2,1,3,2
2034,2.75947E+15,120000,116.23,2,19,78,1.3
2035,2.75733E+15,100000,146.52,1.3,31,86,1.3
2036,2.75439E+15,1000000,113.93,1.3,13,2,1.3
2037,2.75628E+15,6000000,109.38,1.3,109,1,1.6
2038,2.76012E+15,1000000,100.98,1.6,27,36,1.3
2039,2.76232E+15,21000,116.23,1.3,376,19,1.2
2040,2.76422E+15,50000,116.38,1.2,84,79,1
2041,2.76072E+15,100000,103.51,1,35,92,1.4
2042,2.76396E+15,90000,95.22,1.4,2,24,5.2
2043,2.76316E+15,50000,116.04,5.2,18,80,1.3
2044,2.76102E+15,65000,104.76,1.3,45,83,2
2045,2.74727E+15,21000,136.05,2,106,76,3
2046,2.74782E+15,120000,115.74,3,18,46,2
2047,2.74972E+15,38370,116.21,2,136,58,2
2048,2.75027E+15,293691,127.69,2,66,93,1.3
2049,2.75082E+15,235507,109.62,1.3,150,42,1.2
2050,2.75137E+15,166666,114.29,1.2,9,75,1.2
2051,2.74788E+15,300000,87.47,1.2,12,57,2
2052,2.74978E+15,21000,95.24,2,24,8,10
2053,2.74227E+15,21000,95.24,10,44,112,5.3
2054,2.7388E+15,343000,112.62,5.3,41,138,1.68
2055,2.74203E+15,60000,119.41,1.68,34,83,2
2056,2.74124E+15,500000,78.7,2,17,26,2
2057,2.74313E+15,50000,95.24,2,14,38,2
2058,2.74502E+15,50000,116.22,2,130,80,1
2059,2.74691E+15,610000,112.66,1,1469,3,1.2
2060,2.74611E+15,42000,119.05,1.2,7,82,1.2
2061,2.74398E+15,42000,119.05,1.2,25,95,2
2062,2.74319E+15,21000,136.05,2,6,45,2
2063,2.74106E+15,210000,123.65,2,13,49,2
2064,2.74161E+15,1000000,105.16,2,58,10,2
2065,2.74539E+15,235507,109.62,2,70,8,1.3
2066,2.74326E+15,90000,119.05,1.3,8,88,1.26347
2067,2.74381E+15,50000,116,1.26347,1554,39,1
2068,2.74168E+15,55000,112.5,1,1,109,5.3
2069,2.74089E+15,21000,107.14,5.3,3,3,40
2070,2.74144E+15,55000,103.04,40,6,65,2
2071,2.74065E+15,50000,116.12,2,43,105,1
2072,2.7412E+15,21000,102.04,1,9,83,2
2073,2.74309E+15,55000,87.27,2,1,69,1.2
2074,2.7423E+15,74782,111.65,1.2,3,57,2
2075,2.74419E+15,72812,116.79,2,4,5,7
2076,2.74584E+15,1900000,126.14,7,27,141,1.35
2077,2.74291E+15,50000,116.28,1.35,53,64,1.05125
2078,2.74346E+15,21000,114.29,1.05125,57,25,2
2079,2.74432E+15,119977,125.02,2,5,49,1.3
2080,2.74487E+15,90000,117.13,1.3,23,79,1.3
2081,2.74676E+15,235507,109.62,1.3,2,23,1.3
2082,2.74731E+15,21000,116.24,1.3,11,44,1.2
2083,2.7492E+15,103156,116.33,1.2,2,1,80
2084,2.75109E+15,200000,115.5,80,14,17,1.3
2085,2.75164E+15,42000,119.05,1.3,14,62,2
2086,2.75084E+15,21000,136.05,2,2,37,1
2087,2.75329E+15,6000000,115.97,1,144,1,1.6
2088,2.75628E+15,3651000,116.81,1.6,7,11,4
2089,2.76062E+15,100000,115.69,4,1,46,1.3
2090,2.76252E+15,50000,95.24,1.3,8,31,1.2
2091,2.76307E+15,21000,116.27,1.2,2,50,1.2
2092,2.75607E+15,200000,113.3,1.2,18,95,2
2093,2.75796E+15,90000,117.13,2,35,37,1.22269
2094,2.76041E+15,150000,115.1,1.22269,8,11,21
2095,2.76096E+15,431878,121.56,21,21,110,1.2
2096,2.76286E+15,107000,115.67,1.2,11,43,2
2097,2.76476E+15,55000,115.53,2,13,25,1.4
2098,2.76856E+15,2416199,118.21,1.4,35,2,1.4
2099,2.76966E+15,60000,116.18,1.4,15,65,1.3
2100,2.7694E+15,100000,116.11,1.3,18,33,1.3
2101,2.76995E+15,263146,123.51,1.3,9,39,1.4
2102,2.76754E+15,21000,89.85,1.4,43179,81,2.875
2103,2.76894E+15,21000,102.04,2.875,17,70,1.4
2104,2.76814E+15,100000,136.05,1.4,25,79,2
2105,2.76518E+15,500000,113.79,2,16,87,1.3
2106,2.76573E+15,900000,112.83,1.3,8,83,2
2107,2.75848E+15,38872,120,2,5,124,7
2108,2.76038E+15,1600000,136.05,7,45,93,2
2109,2.76227E+15,100000,103.51,2,116,43,1.2
2110,2.76282E+15,200000,108.04,1.2,8,138,1.4
2111,2.76202E+15,55000,106.7,1.4,6,106,1.2
2112,2.75853E+15,70000,108.6,1.2,30,149,2
2113,2.75638E+15,58300,114.29,2,1,10,18.7426
2114,2.75693E+15,56922,108.94,18.7426,27,89,3
2115,2.76103E+15,50000,116.33,3,60,45,1
2116,2.75888E+15,400000,115.86,1,8,59,1.4
2117,2.76078E+15,21000,107.14,1.4,28,1,40
2118,2.76647E+15,38370,115.87,40,3,27,1.2
2119,2.76702E+15,1000000,108.92,1.2,14,62,1.2
2120,2.76892E+15,38744,120,1.2,6,34,2
2121,2.76326E+15,70000,113.74,2,23,118,2
2122,2.76246E+15,37383,107,2,13,105,3
2123,2.76221E+15,80000,104.47,3,2,67,1.211
2124,2.76276E+15,21000,95.24,1.211,7,67,1.3
2125,2.76466E+15,218037,153.3,1.3,2,14,1.3
2126,2.76656E+15,55000,115.76,1.3,2,63,2
2127,2.76711E+15,90000,126.96,2,2,117,3
2128,2.75685E+15,150000,115.87,3,65,136,12
2129,2.75605E+15,38808,120,12,25,125,11
2130,2.7566E+15,150000,121.72,11,90,102,3
2131,2.75446E+15,38808,120,3,7,180,12.8839
2132,2.75501E+15,55000,87.27,12.8839,26,104,2.65
2133,2.75556E+15,90000,116.36,2.65,61,74,1.9375
2134,2.75611E+15,1600000,112.04,1.9375,7,95,1
2135,2.75666E+15,70000,131.87,1,13,78,2
2136,2.75721E+15,1000000,118.51,2,140,24,1.2
2137,2.75507E+15,110000,119.1,1.2,23,38,18.7426
2138,2.75696E+15,21000,119.05,18.7426,17,67,2
2139,2.75537E+15,112000,113.29,2,33,106,3
2140,2.75592E+15,66000,146.13,3,37,38,2
2141,2.74894E+15,220940,115.42,2,52,55,3
2142,2.74814E+15,1156627,117.09,3,14,112,2
2143,2.75004E+15,1200000,118.53,2,80,22,2
2144,2.75193E+15,456369,123.04,2,99,18,1.3
2145,2.75248E+15,38370,86.88,1.3,6,47,1.3
2146,2.75303E+15,21000,105.82,1.3,6,39,1.3
2147,2.74954E+15,90000,95.24,1.3,10,64,2.65
2148,2.75144E+15,1130560,119.94,2.65,207,27,1
2149,2.75064E+15,70000,111.38,1,7,62,10
2150,2.74985E+15,50000,116.68,10,16,83,1.3
2151,2.7504E+15,2016500,122.45,1.3,12,83,2
2152,2.74802E+15,100000,116.25,2,3,71,1.1025
2153,2.74991E+15,21000,126.98,1.1025,6,64,1
2154,2.754E+15,166666,114.29,1,2,51,2
2155,2.75321E+15,104482,122.36,2,2,16,1.3
2156,2.7551E+15,211129,115.03,1.3,3,16,6
2157,2.74947E+15,250000,131.7,6,34,20,2
2158,2.75325E+15,100000,116.23,2,79,19,1.2
2159,2.7557E+15,21000,115.76,1.2,251,5,1
2160,2.745E+15,53850,113.68,1,1525,2,1
2161,2.74208E+15,231075,131,1,1651,3,1.4
2162,2.7505E+15,50000,116.76,1.4,699,43,1
2163,2.75135E+15,6000000,111.68,1,468,1,1.6
2164,2.7533E+15,6000000,116.17,1.6,547,2,1.2
2165,2.75764E+15,6000000,111.55,1.2,564,1,1.6
2166,2.76044E+15,21000,115.76,1.6,933,1,1
2167,2.75301E+15,8000000,134.29,1,2442,1,4
2168,2.73382E+15,21000,116.21,4,2761,2,2
2169,2.73679E+15,55000,115.8,2,4417,1,1.1
2170,2.74419E+15,55000,115.88,1.1,5250,1,1.1
2171,2.73591E+15,55000,115.88,1.1,5584,2,1.1
2172,2.73834E+15,55000,115.63,1.1,5495,3,1.1
2173,2.76601E+15,68952,115.6,1.1,19458,3,1
2174,2.76791E+15,55018,115.44,1,19240,3,1
2175,2.72396E+15,78424,115.56,1,17743,4,1
2176,2.73188E+15,78201,109.26,1,17495,1,1
2177,2.73938E+15,250000,114.07,1,22913,4,1
2178,2.73948E+15,1530703,112.26,1,40890,1,1.4
2179,2.76431E+15,2250000,116.39,1.4,21360,1,1.11
2180,2.74141E+15,207199,144.79,1.11,30102,1,1
2181,2.71306E+15,233545,130.08,1,25562,1,1
2182,2.71171E+15,2250000,112.38,1,24963,1,1.11
2183,2.71491E+15,256692,118.38,1.11,30241,1,1
2184,2.72159E+15,250000,114.17,1,40208,2,1
2185,2.70014E+15,256500,130.02,1,30586,1,1
2186,2.6974E+15,1000000,113.95,1,59082,1,1
2187,2.69279E+15,2112112,113.71,1,36295,1,1.05125
2188,2.69631E+15,1120198,107.12,1.05125,26858,1,1
2189,2.69401E+15,1120198,110.11,1,26905,1,1.13501
2190,2.69587E+15,2250000,116.39,1.13501,25998,1,1.11
2191,2.70257E+15,2250000,112.38,1.11,26039,1,1.11
2192,2.70883E+15,147681,108.9,1.11,26432,1,1
2193,2.71368E+15,2250000,112.38,1,26200,1,1.11
2194,2.7172E+15,2250000,116.39,1.11,26261,1,1.11
2195,2.71908E+15,431878,104.2,1.11,29205,1,1
2196,2.69755E+15,2112112,113.71,1,37177,1,1.05125
2197,2.69668E+15,800000,113.81,1.05125,56308,4,1
2198,2.70151E+15,233545,130.08,1,32648,2,1
2199,2.697E+15,336565,114.71,1,31072,2,1
2200,2.69887E+15,2250000,112.38,1,27187,1,1.11
2201,2.67421E+15,56068,113.95,1.11,59266,9,0.8
2202,2.6696E+15,21000,119.05,0.8,34383,1,60
2203,2.68047E+15,83492,126.53,60,43739,1,11.4
2204,2.69262E+15,250000,107.47,11.4,43327,1,1
2205,2.6662E+15,250000,113.96,1,46309,2,1
2206,2.6772E+15,350000,134.92,1,50390,2,1
2207,2.68201E+15,150000,112.41,1,40828,1,1
2208,2.68848E+15,336565,114.71,1,44004,1,1
2209,2.69089E+15,2112112,113.71,1,51104,1,1.05125
2210,2.70441E+15,21000,111.11,1.05125,72547,1,60
2211,2.70903E+15,2250000,112.38,60,41123,1,1.11
2212,2.70604E+15,2250000,112.38,1.11,41290,1,1.11
2213,2.70978E+15,2250000,112.38,1.11,41296,1,1.11
2214,2.71275E+15,2250000,112.38,1.11,41327,1,1.11
2215,2.72045E+15,2250000,112.38,1.11,41499,1,1.11
2216,2.72218E+15,233833,129.91,1.11,48949,3,1
2217,2.71705E+15,236820,141.63,1,41697,1,1
2218,2.7083E+15,2250000,108.36,1,42099,1,1.11
2219,2.71441E+15,343815,109.91,1.11,44339,1,1
2220,2.78078E+15,6000000,112.03,1,20412,1,1.3
2221,2.78589E+15,343815,134.37,1.3,21330,1,1
2222,2.73717E+15,983472,106.63,1,130582,1,1
